DataID,Match ID,Team,Gls,Ast,PK,PKatt,Sh,SoT,CrdY,CrdR,Touches,Press,Tkl,Int,Blocks,xG,npxG,xA,SCA,GCA,Cmp,Att,Cmp%,PrgDist,Carries,PrgDist,Succ,Att,Home Or Away,Crowd,Year
1,20-0101,Norwich City,1,1,0,0,13,6,2,0,537,172,17,10,17,1,1,0.9,22,2,304,395,77,2117,323,815,3,10,A,Yes,20
2,20-0102,Manchester City,5,4,1,1,13,8,2,0,678,177,26,5,8,3.1,2.3,1.7,25,9,495,564,87.8,2945,429,1858,12,21,A,Yes,20
3,20-0103,Southampton,0,0,0,0,12,3,0,0,557,202,11,6,12,0.8,0.8,0.6,12,0,283,412,68.7,2017,285,934,9,20,A,Yes,20
4,20-0104,Brighton,2,2,0,0,4,3,1,0,594,145,17,13,17,0.7,0.7,0.7,9,5,369,464,79.5,2462,368,901,8,11,A,Yes,20
5,20-0105,Sheffield Utd,1,0,0,0,8,3,1,0,593,190,17,15,18,1.2,1.2,0.7,12,1,367,477,76.9,2065,309,750,6,11,A,Yes,20
6,20-0106,Everton,0,0,0,0,10,2,3,1,703,136,17,8,17,1,1,0.5,13,0,443,560,79.1,2951,437,1181,7,17,A,Yes,20
7,20-0107,Aston Villa,1,1,0,0,7,4,0,0,417,153,25,8,27,0.6,0.6,0.5,10,2,212,277,76.5,1729,247,861,7,9,A,Yes,20
8,20-0108,Arsenal,1,1,0,0,7,2,3,0,779,237,12,6,9,1,1,1,14,2,560,655,85.5,3396,608,1691,11,17,A,Yes,20
9,20-0109,Wolves,0,0,0,0,7,2,2,0,474,149,25,10,29,0.6,0.6,0.4,12,0,224,324,69.1,2040,232,852,19,31,A,Yes,20
10,20-0110,Chelsea,0,0,0,0,18,7,4,0,681,213,20,8,22,0.8,0.8,0.6,29,0,470,564,83.3,2338,499,1358,14,24,A,Yes,20
11,20-0201,Burnley,1,0,0,0,17,4,1,0,411,116,18,6,20,1.3,1.3,0.7,18,1,180,271,66.4,1922,193,631,7,11,A,Yes,20
12,20-0202,Liverpool,2,2,0,0,15,5,1,0,699,129,4,8,18,1.4,1.4,1.2,23,4,442,565,78.2,2842,449,1207,8,15,A,Yes,20
13,20-0203,Newcastle Utd,1,1,0,0,12,3,3,0,466,184,18,9,16,0.7,0.7,0.6,15,2,279,358,77.9,2082,329,823,11,18,A,Yes,20
14,20-0204,West Ham,1,1,0,0,8,3,2,0,543,197,21,11,21,0.8,0.8,0.8,12,2,301,408,73.8,1611,345,1131,19,25,A,Yes,20
15,20-0205,Watford,0,0,0,0,8,2,3,0,579,148,29,12,18,1,1,0.8,10,0,319,431,74,2657,315,984,10,20,A,Yes,20
16,20-0206,Bournemouth,2,0,1,1,11,3,2,0,447,195,14,11,22,1.3,0.5,0.5,21,2,230,321,71.7,2077,257,772,2,5,A,Yes,20
17,20-0207,Tottenham,2,2,0,0,3,2,0,0,628,194,15,3,31,0.3,0.3,0.3,5,3,427,515,82.9,2154,457,1101,12,20,A,Yes,20
18,20-0208,Crystal Palace,0,0,0,0,6,4,1,0,667,120,20,7,25,0.2,0.2,0.1,9,0,414,524,79,2566,430,1132,12,17,A,Yes,20
19,20-0209,Leicester City,1,1,0,0,13,4,0,0,613,191,26,10,19,0.8,0.8,0.7,16,2,368,478,77,2573,367,1103,16,20,A,Yes,20
20,20-0210,Manchester Utd,1,1,0,1,8,1,2,0,799,224,23,7,11,1.3,0.6,0.4,13,2,585,681,85.9,3114,554,1623,8,20,A,Yes,20
21,20-0301,Everton,0,0,0,0,12,0,3,0,671,172,13,2,7,1,1,1,19,0,466,579,80.5,3137,440,1458,17,18,A,Yes,20
22,20-0302,Chelsea,3,3,0,0,24,8,1,0,707,205,22,8,11,2.1,2.1,1.9,42,6,487,579,84.1,2696,554,1540,29,32,A,Yes,20
23,20-0303,Southampton,2,2,0,0,12,4,3,0,539,190,22,8,18,1.8,1.8,1.6,20,4,321,418,76.8,2124,330,1244,10,16,A,Yes,20
24,20-0304,Crystal Palace,2,1,0,0,5,3,4,0,370,215,24,12,19,0.7,0.7,0.5,4,2,165,250,66,1726,171,518,12,14,A,Yes,20
25,20-0305,West Ham,3,1,1,1,14,9,1,0,547,133,16,11,23,3.5,2.7,2.1,27,5,334,423,79,2551,340,1309,11,18,A,Yes,20
26,20-0306,Leicester City,2,2,0,0,13,3,0,0,626,216,16,15,16,0.9,0.9,0.6,25,4,390,485,80.4,2747,387,1177,7,13,A,Yes,20
27,20-0307,Arsenal,1,0,0,0,9,3,1,0,671,215,19,8,29,0.9,0.9,0.4,14,0,451,531,84.9,2624,478,1475,16,24,A,Yes,20
28,20-0308,Manchester City,3,3,0,0,16,5,3,0,860,118,13,2,11,2.3,2.3,1.5,29,5,666,764,87.2,3246,635,2057,10,16,A,Yes,20
29,20-0309,Newcastle Utd,1,1,0,0,8,3,2,0,362,190,15,5,19,0.4,0.4,0.4,14,2,155,215,72.1,1513,167,687,7,12,A,Yes,20
30,20-0310,Burnley,1,1,0,0,12,2,2,0,447,148,12,9,13,1.2,1.2,0.9,16,1,215,335,64.2,2063,254,795,7,12,A,Yes,20
31,20-0401,Manchester Utd,1,1,0,0,21,8,2,0,723,132,20,4,16,1.6,1.6,1.5,38,2,464,580,80,2933,494,1568,14,30,A,Yes,20
32,20-0402,Bournemouth,1,1,0,0,9,2,3,0,593,216,18,10,17,0.9,0.9,0.9,16,2,355,474,74.9,2450,366,1233,11,17,A,Yes,20
33,20-0403,Sheffield Utd,1,1,0,0,8,2,1,0,556,182,15,15,11,1.1,1.1,1,13,3,354,447,79.2,2388,350,853,6,15,A,Yes,20
34,20-0404,Norwich City,0,0,0,0,8,3,1,0,646,210,14,5,27,1.3,1.3,1.1,13,0,438,517,84.7,2496,446,1539,28,32,A,Yes,20
35,20-0405,Aston Villa,0,0,0,0,10,2,6,1,523,129,15,6,23,0.3,0.3,0.2,19,0,310,383,80.9,2241,320,1246,12,14,A,Yes,20
36,20-0406,Watford,1,0,0,0,13,3,3,0,659,195,17,12,19,1.3,1.3,0.4,18,1,409,523,78.2,2585,434,1034,13,19,A,Yes,20
37,20-0407,Brighton,0,0,0,0,7,2,1,0,618,201,15,13,13,0.5,0.5,0.4,9,0,450,529,85.1,2355,414,1204,7,13,A,Yes,20
38,20-0408,Liverpool,2,2,0,0,15,6,0,0,686,111,14,8,15,1.1,1.1,0.9,26,5,448,581,77.1,2948,456,1461,16,25,A,Yes,20
39,20-0409,Wolves,2,1,0,0,8,5,6,1,480,139,22,10,21,1.3,1.3,0.4,10,2,231,357,64.7,2275,256,774,14,16,A,Yes,20
40,20-0410,Tottenham,2,0,1,1,12,8,5,0,522,189,17,7,22,2.3,1.5,0.6,21,3,308,401,76.8,2390,301,982,9,18,A,Yes,20
41,20-0501,Newcastle Utd,1,1,0,0,8,1,0,0,443,200,21,6,26,0.4,0.4,0.3,12,2,220,320,68.8,1915,258,673,10,22,A,Yes,20
42,20-0502,Leicester City,0,0,0,0,9,3,2,0,634,209,26,9,21,0.4,0.4,0.2,10,0,397,500,79.4,2650,424,1080,17,28,A,Yes,20
43,20-0503,Crystal Palace,0,0,0,0,11,7,3,0,473,145,14,15,8,0.8,0.8,0.6,15,0,276,359,76.9,2235,257,915,7,10,A,Yes,20
44,20-0504,Chelsea,5,3,0,0,15,6,2,0,734,206,21,13,19,1.9,1.9,1.4,22,4,502,584,86,3047,508,1471,12,17,A,Yes,20
45,20-0505,Southampton,1,1,0,0,12,7,1,0,642,192,12,6,24,1.3,1.3,0.6,21,2,387,500,77.4,2500,381,1072,22,26,A,Yes,20
46,20-0506,Burnley,1,1,0,0,7,1,2,0,458,183,18,6,24,0.6,0.6,0.2,11,2,200,316,63.3,1586,241,693,6,15,A,Yes,20
47,20-0507,Manchester City,2,2,0,0,26,8,1,0,819,117,14,9,16,2.2,2.2,1.5,33,4,614,720,85.3,2922,573,2405,22,30,A,Yes,20
48,20-0508,Everton,1,1,0,0,14,5,4,0,650,174,21,9,24,1.4,1.4,0.7,19,2,390,512,76.2,2853,401,1089,19,24,A,Yes,20
49,20-0509,Arsenal,2,2,0,0,7,4,3,0,587,187,11,8,12,0.9,0.9,0.9,14,4,420,492,85.4,2296,387,1403,19,27,A,Yes,20
50,20-0510,West Ham,0,0,0,0,13,1,3,1,628,228,22,5,21,0.5,0.5,0.5,20,0,418,512,81.6,2737,422,1318,16,21,A,Yes,20
51,20-0601,Bournemouth,3,3,0,0,6,3,3,0,473,241,12,6,20,1.2,1.2,0.3,7,4,196,308,63.6,1625,246,892,17,41,A,Yes,20
52,20-0602,Tottenham,1,1,0,0,11,5,2,0,659,168,18,4,18,1.2,1.2,1.2,22,2,415,525,79,2609,382,1300,12,26,A,Yes,20
53,20-0603,Norwich City,0,0,0,0,11,2,1,0,657,187,23,2,14,0.6,0.6,0.3,17,0,447,551,81.1,2507,422,1693,13,30,A,Yes,20
54,20-0604,Sheffield Utd,1,1,0,0,2,1,3,0,411,141,22,5,23,0.2,0.2,0.2,4,2,159,258,61.6,1591,194,510,10,19,A,Yes,20
55,20-0605,Watford,0,0,0,0,5,4,2,0,457,294,14,7,15,0.3,0.3,0.3,9,0,281,361,77.8,1485,306,823,7,18,A,Yes,20
56,20-0606,Brighton,0,0,0,0,16,2,1,0,865,166,15,7,16,1,1,0.8,30,0,651,739,88.1,3839,610,1677,10,2,A,Yes,20
57,20-0607,Manchester Utd,0,0,0,0,10,4,2,0,621,135,15,7,23,1,1,0.9,17,0,410,512,80.1,2470,392,1352,14,22,A,Yes,20
58,20-0608,Wolves,1,1,0,0,13,4,3,1,603,256,30,21,13,0.9,0.9,0.9,19,2,369,478,77.2,2336,398,1632,6,11,A,Yes,20
59,20-0609,Aston Villa,2,2,0,0,14,9,1,0,470,116,18,9,24,1.1,1.1,1,25,4,275,352,78.1,2207,307,1347,13,15,A,Yes,20
60,20-0610,Liverpool,2,2,0,0,6,3,3,0,562,234,9,7,15,0.9,0.9,0.9,11,4,319,439,72.7,2452,323,723,11,12,A,Yes,20
61,20-0701,Liverpool,1,0,0,0,16,4,1,0,852,135,15,4,18,1.9,1.9,1,15,0,612,720,85,3585,546,1621,8,11,A,Yes,20
62,20-0702,Burnley,2,2,0,0,10,3,4,0,409,156,18,8,18,1.5,1.5,1.4,18,3,200,302,66.2,1883,189,553,5,12,A,Yes,20
63,20-0703,Norwich City,0,0,0,0,10,3,1,0,676,126,20,7,19,0.5,0.5,0.5,20,0,455,555,82,2988,434,1298,10,1,A,Yes,20
64,20-0704,Watford,0,0,0,0,14,5,1,0,774,138,16,7,8,1,1,0.5,23,0,566,678,83.5,2939,585,1305,13,23,A,Yes,20
65,20-0705,Southampton,1,0,0,0,15,6,2,0,680,130,22,3,10,1.6,1.6,0.5,23,1,479,567,84.5,2563,433,1452,7,16,A,Yes,20
66,20-0706,Brighton,0,0,0,0,8,1,3,0,656,266,20,9,20,0.5,0.5,0.5,13,0,434,529,82,2546,440,1236,9,14,A,Yes,20
67,20-0707,West Ham,2,2,0,0,17,6,1,0,631,132,23,4,16,1.5,1.5,1.4,32,4,403,524,76.9,2362,369,1251,6,12,A,Yes,20
68,20-0708,Manchester City,3,1,0,0,20,10,2,0,780,130,16,4,17,3.5,3.5,3.1,34,5,593,659,90,3230,527,2252,19,31,A,Yes,20
69,20-0709,Newcastle Utd,0,0,0,0,3,0,1,1,473,171,16,8,17,0.2,0.2,0.1,4,0,265,343,77.3,2199,254,780,9,1,A,Yes,20
70,20-0710,Arsenal,1,1,0,0,10,5,2,0,522,165,18,6,28,1.9,1.9,1.4,16,1,298,397,75.1,2171,323,870,10,15,A,Yes,20
71,20-0801,Tottenham,0,0,0,0,8,3,1,0,700,238,24,9,19,0.6,0.6,0.6,12,0,470,577,81.5,2268,461,1461,14,25,A,Yes,20
72,20-0802,Aston Villa,5,5,0,1,21,10,3,0,515,154,17,9,23,2.9,2.1,1.5,35,10,291,375,77.6,2379,295,1002,9,13,A,Yes,20
73,20-0803,Everton,0,0,0,0,11,2,3,1,608,142,8,6,16,0.9,0.9,0.3,15,0,387,515,75.1,2644,338,1227,8,14,A,Yes,20
74,20-0804,Leicester City,1,1,0,0,2,1,4,0,607,187,14,9,21,0.1,0.1,0.1,2,2,364,488,74.6,2515,373,1078,14,22,A,Yes,20
75,20-0805,Sheffield Utd,0,0,0,0,9,2,2,0,723,121,22,6,9,0.5,0.5,0.2,12,0,489,612,79.9,2695,514,1231,6,10,A,Yes,20
76,20-0806,Crystal Palace,1,1,0,0,9,4,3,0,651,205,30,5,16,1.3,1.3,1.1,12,2,449,543,82.7,2495,413,1248,7,12,A,Yes,20
77,20-0807,Bournemouth,0,0,0,0,10,2,2,0,595,249,20,3,28,0.5,0.5,0.4,14,0,344,442,77.8,2801,348,985,14,24,A,Yes,20
78,20-0808,Wolves,2,2,0,0,7,2,2,0,383,215,26,10,23,1.6,1.6,1.3,12,4,156,232,67.2,1466,177,816,13,19,A,Yes,20
79,20-0809,Chelsea,4,4,0,0,14,7,1,0,681,160,27,9,17,1.9,1.9,1.9,24,7,422,549,76.9,2694,461,973,9,16,A,Yes,20
80,20-0810,Manchester Utd,0,0,0,0,12,2,3,0,716,102,15,4,11,0.6,0.6,0.5,21,0,532,632,84.2,2823,517,1957,3,9,A,Yes,20
81,20-0901,West Ham,0,0,0,0,9,4,2,0,549,181,16,8,20,0.9,0.9,0.4,14,0,297,405,73.3,2480,325,941,8,10,A,Yes,20
82,20-0902,Norwich City,0,0,0,0,10,1,3,0,635,152,11,7,19,0.4,0.4,0.4,19,0,414,505,82,2884,441,1198,12,18,A,Yes,20
83,20-0903,Brighton,1,1,0,0,20,6,4,1,620,191,10,12,15,1.2,1.2,1.1,32,2,427,514,83.1,2855,407,1568,7,9,A,Yes,20
84,20-0904,Newcastle Utd,0,0,0,0,5,0,1,0,409,220,15,13,14,0.3,0.3,0.3,8,0,192,279,68.8,1568,181,712,6,8,A,Yes,20
85,20-0905,Southampton,1,0,0,0,14,5,2,0,526,128,16,11,10,1.6,1.6,0.8,19,0,305,399,76.4,2125,304,980,12,22,A,Yes,20
86,20-0906,Watford,1,1,0,0,7,2,3,0,475,195,23,12,22,0.8,0.8,0.6,13,2,222,323,68.7,1482,252,858,9,11,A,Yes,20
87,20-0907,Burnley,1,1,0,0,13,4,3,0,479,179,16,8,24,1.5,1.5,0.8,16,2,263,355,74.1,2286,213,553,8,21,A,Yes,20
88,20-0908,Manchester City,2,2,0,0,21,9,1,0,833,117,14,9,5,2.2,2.2,2.1,37,4,625,718,87,3206,604,2150,19,27,A,Yes,20
89,20-0909,Liverpool,1,1,0,0,10,4,1,0,799,138,22,9,15,1.1,1.1,1.1,17,2,551,651,84.6,3399,548,1471,8,12,A,Yes,20
90,20-0910,Arsenal,0,0,0,0,9,3,4,0,773,95,17,5,15,0.8,0.8,0.8,16,0,562,665,84.5,3202,568,1674,19,26,A,Yes,20
91,20-1001,Leicester City,9,4,1,1,23,15,0,0,855,159,26,5,11,3.8,3,1.7,40,14,640,736,87,3560,598,1672,24,34,A,Yes,20
92,20-1002,Aston Villa,0,0,0,0,11,5,1,0,490,83,8,11,18,0.9,0.9,0.3,15,0,286,362,79,2092,304,986,10,14,A,Yes,20
93,20-1003,Sheffield Utd,1,1,0,0,11,4,2,0,507,140,8,4,19,1.9,1.9,1.1,18,1,275,381,72.2,1811,289,926,15,20,A,Yes,20
94,20-1004,Everton,1,1,0,0,10,6,1,0,574,173,16,16,13,0.7,0.7,0.6,17,4,369,463,79.7,2484,401,1178,3,11,A,Yes,20
95,20-1005,Bournemouth,0,0,0,0,15,5,3,0,670,147,18,6,13,1.1,1.1,0.9,25,0,456,559,81.6,2989,426,1418,13,22,A,Yes,20
96,20-1006,Chelsea,4,3,0,0,16,7,2,0,835,204,13,7,16,1,1,0.4,22,4,599,703,85.2,3132,583,1671,13,19,A,Yes,20
97,20-1007,Wolves,1,0,0,0,14,5,2,0,688,113,19,10,20,1,1,0.7,25,2,470,565,83.2,2609,451,1545,14,21,A,Yes,20
98,20-1008,Crystal Palace,2,1,1,1,9,3,0,0,499,176,16,7,15,1.7,0.9,0.8,18,4,278,365,76.2,2460,276,939,10,21,A,Yes,20
99,20-1009,Manchester Utd,3,2,0,2,19,9,2,0,648,147,27,8,12,4.1,2.6,2,27,4,427,518,82.4,2454,458,1468,21,34,A,Yes,20
100,20-1010,Tottenham,1,0,0,0,11,4,3,0,472,153,18,2,22,1.4,1.4,0.9,17,1,223,332,67.2,1861,257,710,7,15,A,Yes,20
101,20-1101,Manchester Utd,0,0,0,0,15,4,3,0,655,117,19,8,19,0.7,0.7,0.7,27,0,406,532,76.3,2421,450,1321,13,18,A,Yes,20
102,20-1102,Burnley,0,0,0,0,6,1,2,0,608,129,7,2,17,0.8,0.8,0.2,9,0,372,504,73.8,2561,372,952,2,8,A,Yes,20
103,20-1103,Norwich City,2,2,0,0,20,5,0,0,686,116,18,10,11,2.4,2.4,1.3,29,4,480,572,83.9,3145,513,1679,12,17,A,Yes,20
104,20-1104,Southampton,1,0,0,0,3,3,1,0,428,200,26,8,41,0.7,0.7,0.1,5,1,157,249,63.1,1391,178,650,13,23,A,Yes,20
105,20-1105,Liverpool,2,2,0,0,25,6,2,0,835,118,18,6,13,2.6,2.6,2.3,42,4,569,685,83.1,3335,585,1728,6,14,A,Yes,20
106,20-1106,Wolves,1,1,0,0,25,8,2,0,560,210,18,7,15,1.6,1.6,1.1,37,2,327,426,76.8,2573,343,1372,10,18,A,Yes,20
107,20-1107,Newcastle Utd,3,2,0,0,12,9,1,0,405,129,15,16,15,1.7,1.7,1.6,17,6,177,273,64.8,2001,202,991,14,21,A,Yes,20
108,20-1108,Chelsea,2,2,0,0,16,10,2,0,933,198,19,7,22,2.6,2.6,1.9,25,4,721,807,89.3,3251,677,2019,12,14,A,Yes,20
109,20-1109,Leicester City,2,1,0,0,14,5,2,0,590,185,20,9,13,1.4,1.4,0.9,25,2,382,470,81.3,2727,383,1126,8,15,A,Yes,20
110,20-1110,Tottenham,1,1,0,0,4,2,2,1,606,154,26,8,25,0.5,0.5,0.5,8,2,372,474,78.5,2443,356,1025,14,26,A,Yes,20
111,20-1201,Watford,2,1,0,0,12,2,4,1,473,249,28,10,22,0.8,0.8,0.6,20,3,245,332,73.8,2021,290,984,15,21,A,Yes,20
112,20-1202,Crystal Palace,0,0,0,0,3,1,2,0,525,188,23,7,21,0.2,0.2,0.2,6,0,310,389,79.7,2317,304,771,11,17,A,Yes,20
113,20-1203,Bournemouth,1,1,0,0,15,3,0,0,722,162,13,8,15,2.3,2.3,1.3,21,2,492,582,84.5,3032,498,1460,12,18,A,Yes,20
114,20-1204,West Ham,0,0,0,0,7,4,1,0,599,120,13,6,9,0.4,0.4,0.4,12,0,371,497,74.6,2247,376,1048,3,9,A,Yes,20
115,20-1205,Sheffield Utd,1,1,0,0,14,4,2,0,552,172,26,9,15,1,1,0.6,18,2,307,412,74.5,2011,298,682,17,22,A,Yes,20
116,20-1206,Everton,2,2,0,0,24,5,1,0,559,126,26,5,4,2,2,1,34,3,314,424,74.1,2836,304,851,14,22,A,Yes,20
117,20-1207,Arsenal,0,0,0,0,8,1,1,0,598,200,22,4,16,0.8,0.8,0.5,13,0,411,499,82.4,2495,436,1408,9,22,A,Yes,20
118,20-1208,Aston Villa,1,0,0,0,13,4,3,0,539,116,24,9,18,0.7,0.7,0.5,17,0,319,417,76.5,2425,334,1206,15,20,A,Yes,20
119,20-1209,Brighton,1,1,0,0,5,2,5,0,626,161,27,8,21,0.9,0.9,0.9,9,1,405,511,79.3,2515,428,1111,6,12,A,Yes,20
120,20-1210,Manchester City,1,0,0,0,18,3,2,0,664,192,20,1,12,1.3,1.3,1,28,1,441,554,79.6,2960,482,1686,18,24,A,Yes,20
121,20-1301,Tottenham,3,3,0,0,15,7,2,0,607,150,20,5,18,1.6,1.6,1.3,24,6,385,484,79.5,2528,406,1005,11,21,A,Yes,20
122,20-1302,Liverpool,2,1,0,0,11,4,1,0,662,199,23,3,15,1.5,1.5,1.1,16,2,435,537,81,2837,369,1066,5,12,A,Yes,20
123,20-1303,Southampton,2,1,0,1,20,4,2,0,493,221,24,10,25,2.8,1.9,1.8,33,3,257,349,73.6,1984,278,986,9,19,A,Yes,20
124,20-1304,Wolves,2,1,0,0,17,7,1,0,665,154,13,6,15,1.4,1.4,1.3,25,4,459,532,86.3,2949,465,1290,8,13,A,Yes,20
125,20-1305,Norwich City,2,1,0,0,13,5,5,0,499,175,21,11,23,1.8,1.8,1.2,22,2,245,348,70.4,2193,263,1029,14,27,A,Yes,20
126,20-1306,Leicester City,2,1,1,1,18,8,0,0,566,172,16,12,16,3.4,2.7,2,32,3,360,438,82.2,2217,323,1342,9,11,A,Yes,20
127,20-1307,Burnley,3,0,1,1,11,4,3,0,389,132,6,5,21,2.3,1.6,0.6,17,4,163,255,63.9,1523,206,414,9,12,A,Yes,20
128,20-1308,Chelsea,1,1,0,0,11,2,1,0,770,235,24,9,23,1.1,1.1,0.9,16,2,582,660,88.2,2602,578,1516,16,21,A,Yes,20
129,20-1309,Manchester Utd,3,2,0,0,11,5,2,0,737,199,7,7,19,1.4,1.4,1.2,20,4,505,614,82.2,2885,507,1763,11,19,A,Yes,20
130,20-1310,Newcastle Utd,0,0,0,0,11,5,1,0,463,188,13,10,15,0.6,0.6,0.5,18,0,258,344,75,2295,274,1155,12,19,A,Yes,20
131,20-1401,Manchester City,2,1,0,0,24,7,2,0,916,113,12,9,4,2.6,2.6,2,37,1,705,816,86.4,3692,613,2185,7,9,A,Yes,20
132,20-1402,Bournemouth,"2	1	0	0	24	7	2	0	916	113	12	9	4	2.6	2.6	2.0	37	1	705	816	86.4	3692	613	2185	7	92",0,0,0,19,6,2,0,576,97,8,15,9,1.4,1.4,0.8,26,2,359,475,75.6,2460,393,1300,17,24,A,Yes,20
133,20-1403,Brighton,1,0,0,0,12,6,0,0,727,150,12,6,12,1,1,0.9,20,1,524,631,83,3273,487,1385,10,18,A,Yes,20
134,20-1404,Crystal Palace,2,1,0,0,7,2,0,0,630,110,13,8,20,0.8,0.8,0.5,8,1,373,499,74.7,2614,357,1096,8,16,A,Yes,20
135,20-1405,West Ham,1,1,0,0,5,4,3,0,509,193,23,9,21,0.8,0.8,0.4,7,2,281,388,72.4,2679,245,695,10,12,A,Yes,20
136,20-1406,Watford,1,0,0,0,6,3,0,0,486,232,19,4,20,0.7,0.7,0.3,7,0,227,350,64.9,1805,252,651,11,23,A,Yes,20
137,20-1407,Arsenal,2,0,1,1,15,5,1,0,705,137,17,10,10,2.1,1.3,0.5,19,3,489,597,81.9,3182,444,1286,11,20,A,Yes,20
138,20-1408,Sheffield Utd,1,1,0,0,10,4,5,0,537,238,20,15,17,1,1,0.9,16,2,296,402,73.6,2337,337,847,9,17,A,Yes,20
139,20-1409,Everton,1,1,0,0,11,3,1,0,443,277,21,11,18,0.9,0.9,0.9,22,2,201,296,67.9,1971,239,863,9,15,A,Yes,20
140,20-1410,Aston Villa,2,2,0,0,9,3,1,0,464,199,21,9,23,1.4,1.4,0.7,16,4,238,349,68.2,1832,263,823,12,16,A,Yes,20
141,20-1501,Bournemouth,0,0,0,0,6,2,3,0,726,217,25,6,9,0.3,0.3,0.3,11,0,511,592,86.3,2879,537,1786,8,14,A,Yes,20
142,20-1502,Manchester City,4,3,0,0,17,8,1,0,922,109,13,4,9,1.8,1.8,1.5,30,6,729,836,87.2,3838,698,2063,11,19,A,Yes,20
143,20-1503,West Ham,0,0,0,0,6,3,2,0,640,200,19,12,16,0.5,0.5,0.5,8,0,422,534,79,2513,433,1261,19,24,A,Yes,20
144,20-1504,Tottenham,1,0,0,0,8,5,1,0,665,196,19,11,13,0.6,0.6,0.2,13,2,414,531,78,2211,412,1284,18,27,A,Yes,20
145,20-1505,Watford,0,0,0,0,4,1,2,0,498,154,14,5,15,0.2,0.2,0.2,8,0,263,382,68.8,2033,295,769,9,17,A,Yes,20
146,20-1506,Norwich City,1,1,0,0,10,3,1,0,750,147,15,10,16,0.8,0.8,0.7,19,2,483,596,81,2679,478,1290,17,26,A,Yes,20
147,20-1507,Aston Villa,1,1,0,0,9,3,1,0,539,215,27,8,27,0.7,0.7,0.6,17,2,288,375,76.8,2468,296,666,13,18,A,Yes,20
148,20-1508,Everton,2,1,0,0,11,4,2,0,495,156,19,9,15,1.5,1.5,1.1,15,2,271,383,70.8,2151,252,855,8,12,A,Yes,20
149,20-1509,Newcastle Utd,2,2,0,0,6,4,0,0,414,194,18,6,21,0.8,0.8,0.7,12,4,182,289,63,1891,199,790,8,14,A,Yes,20
150,20-1510,Brighton,2,1,0,0,20,9,1,0,564,203,16,7,10,2.3,2.3,1.1,32,2,360,453,79.5,2671,369,1167,14,19,A,Yes,20
151,20-1601,Chelsea,1,0,0,0,15,4,0,0,789,105,17,7,9,0.9,0.9,0.8,25,0,543,638,85.1,3533,518,1888,26,41,A,Yes,20
152,20-1602,Crystal Palace,0,0,0,0,3,0,2,0,533,169,18,8,14,0.2,0.2,0.1,4,0,293,398,73.6,1873,314,853,11,14,A,Yes,20
153,20-1603,Liverpool,3,3,0,0,21,9,1,0,973,132,12,5,9,2.4,2.4,1.9,30,5,774,885,87.5,4182,707,1895,8,13,A,Yes,20
154,20-1604,Burnley,0,0,0,0,7,1,1,0,629,169,14,4,14,0.5,0.5,0.3,9,0,400,511,78.3,2767,351,873,6,12,A,Yes,20
155,20-1605,Manchester Utd,2,1,1,1,10,6,2,0,443,314,22,9,35,1.6,0.8,0.8,21,4,214,287,74.6,1504,236,993,9,24,A,Yes,20
156,20-1606,Leicester City,4,3,0,0,24,8,2,0,637,207,18,10,15,4.5,4.5,3.5,40,6,417,497,83.9,2995,418,1450,12,22,A,Yes,20
157,20-1607,Southampton,1,1,0,0,19,4,3,0,586,194,23,4,19,2.3,2.3,1.1,27,2,336,447,75.2,2985,327,914,11,18,A,Yes,20
158,20-1608,Sheffield Utd,2,1,0,0,9,3,4,0,578,200,19,12,23,0.7,0.7,0.6,14,3,310,446,69.5,2356,351,920,19,21,A,Yes,20
159,20-1609,Wolves,2,2,0,0,13,5,0,0,481,160,15,10,19,1.6,1.6,1.5,20,4,288,393,73.3,2214,300,1157,14,18,A,Yes,20
160,20-1610,Arsenal,3,3,0,0,10,3,0,0,830,146,12,3,20,1.7,1.7,1.3,17,6,618,710,87,3270,621,1888,12,21,A,Yes,20
161,20-1701,Watford,0,0,0,0,8,2,1,0,477,188,26,16,24,1.4,1.4,1,13,0,208,332,62.7,1572,218,786,9,15,A,Yes,20
162,20-1702,Bournemouth,1,1,0,0,8,2,2,0,492,173,6,11,30,0.8,0.8,0.7,11,1,221,350,63.1,1701,232,795,6,7,A,Yes,20
163,20-1703,Aston Villa,0,0,0,1,7,0,2,0,551,185,13,4,16,1.1,0.4,0.4,15,0,303,430,70.5,2405,307,964,5,7,A,Yes,20
164,20-1704,Norwich City,1,1,0,0,10,3,5,0,560,189,25,10,18,1.7,1.7,1.6,16,2,335,429,78.1,2352,350,922,12,21,A,Yes,20
165,20-1705,Newcastle Utd,0,0,0,0,9,0,2,0,539,146,19,11,11,0.7,0.7,0.6,9,0,309,432,71.5,2286,347,1002,11,19,A,Yes,20
166,20-1706,West Ham,1,1,0,0,10,4,3,0,523,217,20,6,15,1,1,1,19,2,241,396,60.9,2583,248,558,10,18,A,Yes,20
167,20-1707,Tottenham,2,2,0,0,9,5,4,0,545,196,19,6,25,0.9,0.9,0.9,16,3,292,407,71.7,2322,311,915,14,20,A,Yes,20
168,20-1708,Everton,0,0,0,0,8,3,2,0,431,162,25,8,20,0.3,0.3,0.1,10,1,191,296,64.5,1719,218,702,1,8,A,Yes,20
169,20-1709,Manchester City,3,2,0,0,14,7,4,0,804,211,19,6,11,1.9,1.9,0.8,25,6,628,697,90.1,3257,581,1704,8,16,A,Yes,20
170,20-1710,Brighton,1,1,0,0,15,10,1,0,765,134,17,4,10,2.4,2.4,1,17,2,547,670,81.6,3336,536,1832,7,12,A,Yes,20
171,20-1801,Arsenal,0,0,0,0,6,2,3,0,639,137,21,4,17,0.7,0.7,0.2,10,0,433,524,82.6,2599,430,1569,14,23,A,Yes,20
172,20-1802,Crystal Palace,0,0,0,0,16,4,0,0,655,138,16,3,13,1.4,1.4,0.9,28,0,448,539,83.1,3388,435,1286,13,24,A,Yes,20
173,20-1803,Southampton,3,1,0,0,17,8,1,0,504,175,17,8,21,3.5,3.5,1.9,19,2,252,372,67.7,2063,263,902,6,7,A,Yes,20
174,20-1804,Sheffield Utd,1,0,0,0,7,2,3,0,432,175,21,6,11,1.3,1.3,0.3,11,0,210,313,67.1,1741,202,451,9,10,A,Yes,20
175,20-1805,Burnley,1,1,0,0,2,1,4,0,383,190,15,8,9,0.2,0.2,0.1,2,2,166,282,58.9,1804,190,489,2,5,A,Yes,20
176,20-1806,Wolves,2,1,0,0,14,4,4,0,560,170,15,3,11,1.5,1.5,0.9,21,3,362,447,81,2728,352,1223,6,16,A,Yes,20
177,20-1807,Leicester City,1,1,0,0,5,2,2,0,539,206,17,16,17,1,1,1,10,2,344,434,79.3,1921,350,847,7,12,A,Yes,20
178,20-1808,Manchester Utd,0,0,0,0,17,8,1,0,698,144,16,7,15,1.7,1.7,1.4,32,0,469,565,83,2896,439,1606,20,23,A,Yes,20
179,20-1809,Chelsea,2,1,1,1,12,2,3,0,707,197,13,9,20,1.4,0.6,0.4,22,4,488,599,81.5,2922,469,1309,15,22,A,Yes,20
180,20-1810,Liverpool,2,1,1,1,12,4,0,0,937,190,15,8,14,2.5,1.7,1.2,23,4,736,844,87.2,3529,695,1440,9,12,A,Yes,20
181,20-1901,Brighton,1,1,0,0,11,5,2,0,585,157,22,6,19,0.6,0.6,0.4,14,2,355,448,79.2,2579,351,1436,14,17,A,Yes,20
182,20-1902,Arsenal,1,0,0,0,17,2,4,0,751,153,12,12,15,1.5,1.5,1,27,1,556,646,86.1,3007,550,1952,9,17,A,Yes,20
183,20-1903,Burnley,0,0,0,0,6,0,0,0,393,222,18,4,23,0.4,0.4,0.4,8,0,164,271,60.5,1728,156,295,2,4,A,Yes,20
184,20-1904,Watford,1,1,0,0,5,2,3,0,550,143,14,7,23,0.7,0.7,0.5,9,2,285,405,70.4,2122,305,920,9,16,A,Yes,20
185,20-1905,Norwich City,0,0,0,0,16,5,3,0,666,159,11,4,11,1.1,1.1,0.9,26,0,447,537,83.2,3041,459,1379,8,14,A,Yes,20
186,20-1906,West Ham,2,2,0,0,13,4,0,0,724,165,18,10,20,2,2,1.8,19,4,494,589,83.9,3187,541,1849,24,31,A,Yes,20
187,20-1907,Southampton,2,1,0,0,5,3,2,0,552,267,33,9,28,0.7,0.7,0.4,6,2,253,381,66.4,1937,249,731,12,19,A,Yes,20
188,20-1908,Newcastle Utd,1,1,0,0,7,2,2,0,417,276,22,6,20,0.9,0.9,0.9,12,2,224,307,73,1969,225,451,11,19,A,Yes,20
189,20-1909,Liverpool,4,3,1,1,14,5,1,0,748,222,19,5,9,3.1,2.3,1.9,26,7,541,652,83,3404,525,1411,13,25,A,Yes,20
190,20-1910,Manchester City,2,1,0,1,6,2,1,1,473,157,17,8,20,1.6,0.6,0.5,12,3,284,369,77,1718,285,895,6,10,A,Yes,20
191,20-2001,Bournemouth,0,0,0,0,10,2,2,0,554,141,18,8,12,0.6,0.6,0.4,13,0,344,435,79.1,2043,323,1131,12,20,A,Yes,20
192,20-2002,Aston Villa,0,0,0,0,11,2,1,0,590,133,12,2,21,0.5,0.5,0.5,15,0,373,477,78.2,2317,342,1335,7,16,A,Yes,20
193,20-2003,Everton,2,1,0,0,21,9,2,0,612,115,16,7,11,3.7,3.7,2.2,31,3,367,478,76.8,2796,343,1086,13,18,A,Yes,20
194,20-2004,Crystal Palace,1,1,0,0,5,3,2,0,487,197,17,6,17,0.2,0.2,0.2,4,2,257,358,71.8,1736,267,733,7,10,A,Yes,20
195,20-2005,Leicester City,2,2,0,1,11,6,1,0,684,162,11,17,23,2.2,1.5,1.2,22,4,438,533,82.2,2703,443,1106,12,24,A,Yes,20
196,20-2006,Tottenham,2,0,1,1,14,6,3,0,724,144,22,9,21,1.8,1.1,1,27,5,474,590,80.3,2826,511,1465,16,26,A,Yes,20
197,20-2007,Manchester Utd,2,2,0,0,14,4,3,0,634,109,7,1,15,1.8,1.8,1.5,22,3,429,529,81.1,2464,436,1696,11,15,A,Yes,20
198,20-2008,Chelsea,2,2,0,0,13,4,4,0,725,175,24,6,12,1.5,1.5,0.5,18,4,507,614,82.6,2785,520,1406,8,13,A,Yes,20
199,20-2009,Wolves,0,0,0,0,10,2,0,0,509,176,22,12,14,0.6,0.6,0.5,14,0,279,385,72.5,2267,292,1049,21,26,A,Yes,20
200,20-2010,Sheffield Utd,0,0,0,0,8,0,1,0,450,176,17,6,22,1.1,1.1,1.1,15,0,251,348,72.1,2194,266,732,10,15,A,Yes,20
201,20-2101,Chelsea,1,0,0,0,16,4,3,0,713,201,28,10,18,1.7,1.7,0.7,22,1,456,573,79.6,2785,456,1160,10,16,A,Yes,20
202,20-2102,Aston Villa,2,1,0,0,11,6,1,0,474,116,15,5,23,0.9,0.9,0.6,19,4,242,346,69.9,1894,222,784,8,12,A,Yes,20
203,20-2103,Wolves,1,1,0,0,15,4,1,0,710,136,21,2,14,1.4,1.4,1.2,18,1,507,617,82.2,3122,520,1744,17,26,A,Yes,20
204,20-2104,Leicester City,3,2,0,0,16,9,1,0,967,116,16,14,10,1.7,1.7,1,27,6,773,859,90,3780,721,1500,7,11,A,Yes,20
205,20-2105,Tottenham,0,0,0,0,9,3,4,0,680,164,24,9,14,0.5,0.5,0.1,11,0,390,525,74.3,2206,421,1205,22,33,A,Yes,20
206,20-2106,Bournemouth,0,0,0,0,3,2,2,0,764,250,25,6,14,0.3,0.3,0.3,6,0,552,646,85.4,3176,537,1512,13,20,A,Yes,20
207,20-2107,Crystal Palace,1,1,0,0,13,3,0,0,692,148,14,4,9,1.6,1.6,0.5,13,1,463,576,80.4,2835,453,1235,15,30,A,Yes,20
208,20-2108,Everton,1,0,0,0,7,2,4,0,524,209,14,12,12,1.2,1.2,0.4,9,1,334,432,77.3,2521,347,854,9,14,A,Yes,20
209,20-2109,Manchester Utd,0,0,0,0,10,4,0,0,667,194,12,13,15,0.8,0.8,0.7,18,0,483,576,83.9,2301,457,1825,14,22,A,Yes,20
210,20-2110,Sheffield Utd,0,0,0,0,3,2,0,0,451,153,15,13,15,0.8,0.8,0.8,3,0,248,341,72.7,1596,262,555,6,8,A,Yes,20
211,20-2201,West Ham,0,0,0,0,7,2,0,0,661,135,16,11,19,0.7,0.7,0.2,10,0,404,548,73.7,2872,408,1143,19,27,A,Yes,20
212,20-2202,Arsenal,1,1,0,0,7,4,3,1,650,146,14,11,10,1.3,1.3,0.6,9,2,407,512,79.5,2745,400,1171,7,18,A,Yes,20
213,20-2203,Burnley,0,0,0,0,7,1,3,0,430,134,13,8,16,0.5,0.5,0.2,9,0,223,313,71.2,1654,250,574,13,16,A,Yes,20
214,20-2204,Southampton,2,2,0,0,16,8,3,0,488,151,24,17,7,2.3,2.3,1.4,24,4,212,346,61.3,1848,203,709,6,15,A,Yes,20
215,20-2205,Norwich City,0,0,0,0,8,3,0,0,574,181,25,14,18,0.3,0.3,0.2,10,0,349,438,79.7,1850,346,940,12,16,A,Yes,20
216,20-2206,Newcastle Utd,1,1,0,0,5,1,3,0,452,122,19,3,20,0.3,0.3,0.2,9,2,241,330,73,1703,245,624,16,26,A,Yes,20
217,20-2207,Brighton,1,1,0,0,14,6,2,0,652,197,20,13,18,1.8,1.8,1.6,25,2,396,511,77.5,2956,350,1205,10,16,A,Yes,20
218,20-2208,Liverpool,1,1,0,0,13,6,2,0,909,138,20,7,10,1.9,1.9,1.8,23,2,695,797,87.2,3742,728,1585,21,27,A,Yes,20
219,20-2209,Watford,3,2,0,0,18,5,1,0,569,198,20,7,16,2.1,2.1,1.1,28,2,316,439,72,2461,333,1194,13,17,A,Yes,20
220,20-2210,Manchester City,6,6,0,0,21,10,1,0,981,100,16,4,12,2.5,2.5,1.8,32,11,808,883,91.5,3686,704,1976,14,21,A,Yes,20
221,20-2301,Tottenham,0,0,0,0,17,4,3,0,669,176,21,3,19,1.7,1.7,1.2,32,0,421,510,82.5,2493,427,1290,23,33,A,Yes,20
222,20-2302,Aston Villa,1,1,0,0,8,3,3,0,575,236,31,15,16,0.7,0.7,0.7,13,2,324,447,72.5,2525,320,947,10,15,A,Yes,20
223,20-2303,Crystal Palace,1,1,0,0,5,3,2,0,428,227,25,4,30,0.5,0.5,0.5,12,4,185,281,65.8,1907,219,615,16,26,A,Yes,20
224,20-2304,Everton,1,1,0,0,10,2,0,0,626,117,23,8,18,1.2,1.2,1.1,15,2,379,494,76.7,2721,385,1393,8,15,A,Yes,20
225,20-2305,Wolves,3,2,1,1,7,3,1,0,517,147,22,8,12,1.7,0.9,0.6,12,6,243,358,67.9,2184,281,817,21,31,A,Yes,20
226,20-2306,Bournemouth,0,0,0,0,7,3,2,1,456,215,15,12,19,0.9,0.9,0.4,12,0,237,352,67.3,2121,229,651,4,10,A,Yes,20
227,20-2307,Sheffield Utd,1,0,0,0,11,3,2,0,497,222,23,5,16,0.7,0.7,0.5,10,0,273,395,69.1,2334,291,846,10,14,A,Yes,20
228,20-2308,Chelsea,0,0,0,0,19,4,1,0,810,138,15,8,15,2,2,1.3,32,0,584,703,83.1,2773,603,2231,5,11,A,Yes,20
229,20-2309,Leicester City,1,1,0,1,18,7,0,0,672,130,24,1,17,2.5,1.6,1,30,1,429,541,79.3,2918,426,1431,8,13,A,Yes,20
230,20-2310,Manchester Utd,0,0,0,0,8,3,3,0,615,207,16,7,24,1.2,1.2,1,11,0,380,490,77.6,2122,398,1433,9,11,A,Yes,20
231,20-2401,Southampton,2,2,0,0,15,6,2,0,621,200,20,7,14,1.3,1.3,1.3,28,3,346,483,71.6,2475,356,1071,18,29,A,Yes,20
232,20-2402,Brighton,1,0,0,0,21,7,1,0,745,143,17,6,17,1.2,1.2,0.7,30,1,510,613,83.2,2925,484,1693,11,15,A,Yes,20
233,20-2403,Watford,1,1,0,0,8,3,2,0,484,222,26,19,20,1.3,1.3,0.9,12,2,226,349,64.8,2064,230,671,9,12,A,Yes,20
234,20-2404,Manchester City,1,1,0,1,17,4,3,0,764,127,9,9,14,2.9,2.1,2.1,33,2,560,661,84.7,3202,482,2093,11,14,A,Yes,20
235,20-2405,Newcastle Utd,2,0,0,0,9,2,1,0,626,135,14,17,13,0.9,0.9,0.1,8,2,379,478,79.3,2472,397,956,11,21,A,Yes,20
236,20-2406,Arsenal,2,2,0,0,2,2,1,1,537,173,16,6,15,0.5,0.5,0,2,2,316,407,77.6,1867,333,1078,8,16,A,Yes,20
237,20-2407,West Ham,1,0,1,1,5,1,1,0,418,194,16,8,18,1.6,0.8,0.4,8,2,205,299,68.6,1851,191,543,8,13,A,Yes,20
238,20-2408,Norwich City,1,0,1,1,11,1,1,0,624,213,20,8,30,1.6,0.9,0.8,20,2,390,493,79.1,2281,385,1189,12,16,A,Yes,20
239,20-2409,Burnley,2,2,0,0,5,2,2,0,415,242,15,17,22,0.6,0.6,0.6,10,4,185,310,59.7,1778,203,548,2,5,A,Yes,20
240,20-2410,Liverpool,2,2,0,0,13,6,1,0,714,210,16,5,10,1.5,1.5,1.2,19,3,510,604,84.4,3118,452,1499,12,19,A,Yes,20
241,20-2501,Chelsea,2,2,0,0,7,3,2,0,655,213,19,5,18,0.4,0.4,0.3,9,3,408,507,80.5,2418,371,1100,8,18,A,Yes,20
242,20-2502,Everton,3,2,0,0,12,5,4,1,601,172,27,5,14,2.6,2.6,0.7,18,4,343,465,73.8,2420,356,1085,13,21,A,Yes,20
243,20-2503,Aston Villa,1,0,0,0,18,5,3,0,621,149,14,5,24,1.3,1.3,0.6,27,1,372,496,75,2374,345,1388,10,17,A,Yes,20
244,20-2504,Norwich City,0,0,0,0,20,4,1,0,647,151,15,8,17,1.5,1.5,1.2,23,0,419,535,78.3,2485,422,1442,9,12,A,Yes,20
245,20-2505,Southampton,0,0,0,0,18,4,2,0,499,210,21,6,21,1,1,0.6,27,0,241,362,66.6,2058,240,954,13,19,A,Yes,20
246,20-2506,Sheffield Utd,0,0,0,0,9,3,2,0,478,203,17,5,19,0.6,0.6,0.3,18,2,253,354,71.5,2030,275,647,9,10,A,Yes,20
247,20-2507,Brighton,2,1,0,0,19,6,1,0,752,106,21,8,9,2,2,1.3,29,4,518,613,84.5,3301,508,1585,7,11,A,Yes,20
248,20-2508,Wolves,0,0,0,0,13,3,2,0,513,245,26,14,23,0.9,0.9,0.7,24,0,285,366,77.9,2383,296,1196,14,19,A,Yes,20
249,20-2509,Arsenal,0,0,0,0,13,2,3,0,624,157,18,2,19,1,1,1,22,0,399,490,81.4,2394,383,1558,10,21,A,Yes,20
250,20-2510,Manchester City,0,0,0,1,17,3,5,1,833,144,18,8,11,3.3,2.6,2,30,0,632,726,87.1,3346,627,2067,13,29,A,Yes,20
251,20-2601,Crystal Palace,1,1,0,0,10,2,1,0,595,181,24,4,20,1.1,1.1,0.3,11,2,356,474,75.1,2681,330,1000,15,26,A,Yes,20
252,20-2602,Watford,1,1,0,0,6,3,2,0,451,160,23,7,15,0.3,0.3,0.2,7,0,215,328,65.5,1725,215,669,4,7,A,Yes,20
253,20-2603,Bournemouth,1,0,0,0,10,2,3,0,580,144,11,5,31,1.3,1.3,0.9,13,1,308,430,71.6,2236,290,991,7,13,A,Yes,20
254,20-2604,Leicester City,0,0,0,0,9,3,4,1,652,172,23,8,22,0.6,0.6,0.5,15,0,439,521,84.3,2535,449,1667,9,22,A,Yes,20
255,20-2605,Burnley,2,1,0,0,8,6,2,0,475,177,17,4,15,0.6,0.6,0.6,9,2,214,343,62.4,1671,216,617,8,18,A,Yes,20
256,20-2606,Liverpool,1,1,0,0,17,6,2,0,769,120,15,10,11,1.9,1.9,1.1,29,2,550,670,82.1,3038,580,1720,10,20,A,Yes,20
257,20-2607,Tottenham,3,1,0,1,22,9,0,0,574,160,25,8,28,3.5,2.7,1.4,29,1,312,404,77.2,2263,328,1279,11,20,A,Yes,20
258,20-2608,Newcastle Utd,0,0,0,0,10,2,0,0,416,143,16,5,9,0.9,0.9,0.8,19,0,253,320,79.1,2024,279,881,15,20,A,Yes,20
259,20-2609,Manchester Utd,2,2,0,0,9,3,3,0,535,151,11,9,30,0.8,0.8,0.7,12,3,323,415,77.8,2133,335,1060,10,16,A,Yes,20
260,20-2610,West Ham,0,0,0,0,3,0,1,0,393,292,14,14,26,0.1,0.1,0.1,6,0,187,269,69.5,1507,209,922,9,16,A,Yes,20
261,20-2701,Tottenham,0,0,0,0,5,3,2,0,719,215,17,4,13,0.4,0.4,0.4,12,2,488,602,81.1,2749,444,1098,16,35,A,Yes,20
262,20-2702,Aston Villa,0,0,0,0,4,1,4,0,559,184,13,3,24,0.5,0.5,0.5,8,0,316,442,71.5,2392,281,894,9,24,A,Yes,20
263,20-2703,Brighton,1,1,0,0,8,2,2,0,481,242,20,8,27,1,1,0.4,8,2,209,309,67.6,1780,204,715,8,17,A,Yes,20
264,20-2704,Bournemouth,0,0,0,0,12,4,3,0,602,118,14,5,15,1.6,1.6,1.5,18,0,369,478,77.2,2328,344,1246,6,12,A,Yes,20
265,20-2705,Newcastle Utd,0,0,0,0,8,2,6,1,616,190,25,3,18,0.2,0.2,0.1,12,0,383,497,77.1,2393,380,1230,12,20,A,Yes,20
266,20-2706,Manchester City,1,1,0,1,17,6,0,0,804,103,14,8,14,2.3,1.5,1.3,30,2,610,703,86.8,2909,590,2137,12,17,A,Yes,20
267,20-2707,Norwich City,0,0,0,0,6,3,3,0,737,220,20,6,13,0.4,0.4,0.4,12,0,523,612,85.5,2847,528,1747,19,30,A,Yes,20
268,20-2708,Watford,0,0,0,0,7,2,1,0,565,198,18,14,16,0.3,0.3,0.3,13,0,335,453,74,2687,313,823,7,16,A,Yes,20
269,20-2709,Everton,2,1,0,0,17,5,4,0,579,153,22,1,14,2,2,0.5,21,1,404,484,83.5,2712,407,1195,6,10,A,Yes,20
270,20-2710,West Ham,2,2,0,0,7,4,3,0,460,193,26,9,20,0.7,0.7,0.5,6,3,201,312,64.4,2211,219,835,21,37,A,Yes,20
271,20-2801,Leicester City,0,0,0,0,19,4,2,0,630,194,20,12,11,1.3,1.3,1,30,0,422,516,81.8,2668,450,1521,12,19,A,Yes,20
272,20-2802,Crystal Palace,1,1,0,0,12,3,1,0,473,196,32,9,21,2.1,2.1,1.1,20,2,217,321,67.6,2095,225,765,11,24,A,Yes,20
273,20-2803,Chelsea,2,0,0,0,23,6,2,0,983,148,23,6,15,2,2,1.3,37,2,739,862,85.7,3793,746,1743,11,13,A,Yes,20
274,20-2804,Southampton,1,1,0,0,10,2,1,0,698,135,15,8,17,0.9,0.9,0.9,11,2,432,579,74.6,2922,450,1086,15,22,A,Yes,20
275,20-2805,Burnley,0,0,0,0,8,1,3,0,507,136,21,2,28,0.8,0.8,0.4,12,0,243,377,64.5,2091,228,635,4,10,A,Yes,20
276,20-2806,Liverpool,0,0,0,0,8,1,0,0,830,129,8,10,14,0.3,0.3,0.2,13,0,603,735,82,3286,586,1726,14,23,A,Yes,20
277,20-2807,Manchester Utd,1,1,0,0,14,5,4,0,604,133,15,9,21,1.1,1.1,0.6,24,1,365,476,76.7,2330,394,1330,16,22,A,Yes,20
278,20-2808,Wolves,3,1,0,0,14,4,2,0,491,226,26,15,17,2.6,2.6,1.2,20,3,261,346,75.4,2315,289,1105,18,30,A,Yes,20
279,20-2901,Bournemouth,1,1,0,0,6,3,1,0,398,153,16,8,21,1.3,1.3,1.3,11,2,166,287,57.8,1472,176,597,7,12,A,Yes,20
280,20-2902,Norwich City,0,0,0,0,12,3,0,0,705,196,15,7,11,2.2,2.2,0.9,14,0,453,556,81.5,2701,447,1305,8,15,A,Yes,20
281,20-2903,Newcastle Utd,1,0,0,1,13,6,3,0,660,132,18,4,16,3,2.3,0.9,17,1,424,539,78.7,2468,429,1347,22,29,A,Yes,20
282,20-2904,Brighton,0,0,0,0,7,1,3,0,780,193,23,11,23,0.3,0.3,0.3,11,0,536,648,82.7,2982,542,1545,5,14,A,Yes,20
283,20-2905,Watford,0,0,0,0,9,3,4,0,615,194,24,4,11,0.5,0.5,0.2,17,0,377,507,74.4,2889,369,1185,6,11,A,Yes,20
284,20-2906,West Ham,0,0,0,0,14,6,2,0,420,210,13,11,18,1.8,1.8,1,19,0,205,311,65.9,2447,217,970,5,14,A,Yes,20
285,20-2907,Tottenham,1,0,1,1,12,1,4,0,659,174,15,5,22,1.2,0.5,0.3,20,2,384,509,75.4,2330,344,1314,12,15,A,Yes,20
286,20-2908,Everton,0,0,0,0,4,2,2,0,524,284,18,5,9,0.6,0.6,0.5,6,0,344,433,79.4,2340,324,1044,11,18,A,Yes,20
287,20-2909,Manchester City,0,0,0,0,7,4,4,0,891,140,16,7,11,0.6,0.6,0.6,12,0,694,801,86.6,3640,625,1607,15,23,A,Yes,20
288,20-2910,Aston Villa,0,0,0,0,4,1,1,0,455,198,23,8,25,0.5,0.5,0.5,6,0,226,332,68.1,1699,236,643,7,15,A,Yes,20
289,20-2809,Sheffield Utd,0,0,0,0,5,1,1,0,613,141,18,3,13,0.3,0.3,0.3,7,0,404,515,78.4,2531,331,778,5,8,A,No,20
290,20-2810,Arsenal,3,0,1,1,19,11,1,0,804,67,8,6,8,3.5,2.8,2.1,34,3,663,722,91.8,3208,628,1918,15,18,A,No,20
291,20-3001,Southampton,3,3,0,0,22,8,1,0,501,145,25,3,14,1.7,1.7,1.2,35,5,258,367,70.3,1715,283,1202,15,29,A,No,20
292,20-3002,Manchester Utd,1,0,1,1,11,5,1,0,723,134,16,12,17,1.7,1,0.7,20,2,494,613,80.6,2638,480,1584,8,13,A,No,20
293,20-3003,Leicester City,1,1,0,0,15,2,1,0,720,125,28,4,11,0.8,0.8,0.6,25,2,464,592,78.4,2502,404,1316,2,7,A,No,20
294,20-3004,Arsenal,1,1,0,0,13,6,1,0,633,113,6,4,12,1.3,1.3,1.1,22,2,448,520,86.2,2283,446,1668,13,25,A,No,20
295,20-3005,Wolves,2,2,0,0,10,6,1,0,654,138,18,4,21,0.7,0.7,0.7,18,4,445,550,80.9,2762,383,1168,15,20,A,No,20
296,20-3006,Crystal Palace,2,1,0,0,7,2,2,0,494,147,20,5,17,0.6,0.6,0.5,11,4,282,361,78.1,2171,303,791,4,6,A,No,20
297,20-3007,Sheffield Utd,0,0,0,0,6,1,2,1,619,101,15,1,13,0.4,0.4,0.4,12,0,439,539,81.4,2739,416,1189,8,10,A,No,20
298,20-3008,Chelsea,2,2,0,0,19,5,1,0,831,116,9,2,8,1.3,1.3,1.2,28,4,631,749,84.2,3334,564,1827,10,13,A,No,20
299,20-3009,Liverpool,0,0,0,0,10,3,2,0,733,112,20,2,9,0.8,0.8,0.6,20,0,536,639,83.9,3381,521,1590,10,14,A,No,20
300,20-3010,Burnley,0,0,0,0,1,0,1,0,407,95,12,4,12,0,0,0,2,0,261,338,77.2,1576,220,517,10,16,A,No,20
301,20-3101,Brighton,0,0,0,1,9,1,2,0,440,184,18,12,20,1.2,0.4,0.3,12,0,225,318,70.8,1739,236,720,15,23,A,No,20
302,20-3102,West Ham,0,0,0,0,10,2,2,0,493,116,16,6,10,0.8,0.8,0.8,15,0,290,397,73,2509,282,860,6,10,A,No,20
303,20-3103,Sheffield Utd,0,0,0,0,4,1,0,0,456,181,12,4,19,0.2,0.2,0.2,8,0,287,362,79.3,1805,279,712,6,13,A,No,20
304,20-3104,Everton,1,1,0,0,12,5,1,0,636,110,17,8,18,0.8,0.8,0.7,18,1,422,534,79,2845,415,1347,14,19,A,No,20
305,20-3105,Aston Villa,1,1,0,0,14,2,2,0,522,166,6,3,11,1.1,1.1,1.1,24,1,321,432,74.3,2588,290,866,4,6,A,No,20
306,20-3106,Bournemouth,0,0,0,0,4,0,3,0,499,165,21,2,12,0.1,0.1,0.1,5,0,299,397,75.3,2116,292,923,11,23,A,No,20
307,20-3107,Crystal Palace,0,0,0,0,3,0,0,0,454,115,21,3,17,0.2,0.2,0.1,3,0,244,351,69.5,1606,242,586,10,16,A,No,20
308,20-3108,Arsenal,2,0,0,0,10,5,2,0,532,169,10,6,15,2.8,2.8,0.9,12,2,338,423,79.9,2192,305,889,10,14,A,No,20
309,20-3109,Watford,0,0,0,0,10,3,0,0,478,143,12,2,8,0.7,0.7,0.4,11,0,239,391,61.1,1770,245,625,7,10,A,No,20
310,20-3110,Manchester City,1,0,0,0,10,2,1,1,817,115,10,1,15,0.5,0.5,0.5,19,2,656,738,88.9,3002,603,1906,14,20,A,No,20
311,20-3201,Wolves,1,1,0,0,9,2,1,0,571,131,10,1,8,0.4,0.4,0.3,15,2,396,492,80.5,3033,327,956,7,15,A,No,20
312,20-3202,Southampton,3,1,0,0,11,7,0,0,634,123,18,8,19,1.1,1.1,0.9,19,4,350,463,75.6,2173,315,1005,7,9,A,No,20
313,20-3203,Burnley,1,1,0,0,8,4,1,0,517,140,19,1,23,0.5,0.5,0.2,12,2,290,394,73.6,1708,273,735,9,17,A,No,20
314,20-3204,Manchester Utd,3,3,0,0,13,6,1,0,748,158,13,5,18,0.8,0.8,0.6,22,6,571,652,87.6,2905,517,1577,9,15,A,No,20
315,20-3205,Leicester City,1,0,0,0,15,3,1,0,740,100,17,0,13,1.6,1.6,0.9,21,0,536,643,83.4,3086,541,1854,21,30,A,No,20
316,20-3206,Newcastle Utd,4,4,0,0,12,7,0,0,540,167,18,6,11,1.5,1.5,1.1,19,8,344,444,77.5,2508,315,744,11,14,A,No,20
317,20-3207,Norwich City,0,0,0,0,8,3,4,0,547,137,19,3,16,0.2,0.2,0.2,13,0,358,456,78.5,2041,359,939,14,20,A,No,20
318,20-3208,Chelsea,2,0,1,1,16,5,1,0,801,103,20,3,11,1.6,0.9,0.8,26,4,604,695,86.9,3102,558,2337,11,18,A,No,20
319,20-3209,Tottenham,1,1,0,0,9,2,0,0,791,140,17,6,12,1,1,0.9,16,2,564,691,81.6,3201,506,2240,12,19,A,No,20
320,20-3210,Liverpool,0,0,0,0,11,3,2,0,664,144,16,10,17,1.3,1.3,0.9,18,0,473,562,84.2,2806,430,1092,6,16,A,No,20
321,20-3301,Brighton,1,1,0,0,7,2,2,0,564,137,17,3,20,0.5,0.5,0.5,11,2,374,459,81.5,2477,359,1217,13,19,A,No,20
322,20-3302,Crystal Palace,0,0,0,0,7,1,1,0,611,141,19,5,21,0.5,0.5,0.5,12,0,376,488,77,2746,404,995,16,24,A,No,20
323,20-3303,Bournemouth,2,1,1,1,6,2,1,0,411,142,10,7,16,1.2,0.5,0.1,6,2,229,315,72.7,1831,237,776,7,12,A,No,20
324,20-3304,Arsenal,2,1,0,0,8,4,4,0,615,191,27,6,15,1.2,1.2,0.9,9,4,403,491,82.1,2166,386,1366,10,14,A,No,20
325,20-3305,Watford,0,0,0,0,6,3,2,0,433,185,19,7,19,0.4,0.4,0.3,11,0,247,332,74.4,2028,278,652,11,14,A,No,20
326,20-3306,Sheffield Utd,1,1,0,0,10,3,0,0,590,81,15,2,10,1.3,1.3,1,17,2,337,476,70.8,2105,311,1025,11,13,A,No,20
327,20-3307,West Ham,2,1,0,0,17,7,0,0,529,105,16,7,18,1.7,1.7,0.5,26,3,324,425,76.2,2426,334,985,4,13,A,No,20
328,20-3308,Aston Villa,0,0,0,0,9,3,1,0,419,152,14,12,14,0.5,0.5,0.4,17,0,196,309,63.4,1811,231,804,9,13,A,No,20
329,20-3309,Manchester City,0,0,0,0,26,6,2,0,966,121,18,7,9,2.9,2.9,1.9,39,0,739,846,87.4,3981,732,1946,15,28,A,No,20
330,20-3310,Everton,0,0,0,0,11,3,2,0,547,149,10,4,26,0.4,0.4,0.2,14,0,345,434,79.5,2191,352,1120,11,14,A,No,20
331,20-3401,Norwich City,1,1,0,0,13,3,4,0,654,121,15,4,16,1.4,1.4,0.5,20,2,440,535,82.2,2587,442,1573,17,24,A,No,20
332,20-3402,Chelsea,3,3,0,0,14,6,0,0,709,147,23,11,24,1.9,1.9,1.7,22,6,474,575,82.4,2945,442,1543,14,24,A,No,20
333,20-3403,Leicester City,1,1,0,0,13,5,0,0,698,186,16,2,20,1.7,1.7,1.6,21,2,481,590,81.5,3040,402,972,4,7,A,No,20
334,20-3404,Burnley,1,1,0,0,8,4,1,0,580,154,14,5,30,1,1,0.7,13,2,321,433,74.1,2185,280,782,7,12,A,No,20
335,20-3405,Newcastle Utd,0,0,0,0,6,1,0,0,402,116,13,7,20,0.2,0.2,0.2,9,0,225,308,73.1,1631,231,560,6,9,A,No,20
336,20-3406,Wolves,0,0,0,0,6,1,0,0,694,136,10,4,23,0.4,0.4,0.3,9,0,469,585,80.2,2929,412,1551,11,19,A,No,20
337,20-3407,Liverpool,3,3,0,0,20,8,4,0,646,113,13,4,14,1.9,1.9,1.7,34,5,430,542,79.3,3110,392,1335,10,16,A,No,20
338,20-3408,Tottenham,0,0,0,0,9,0,2,0,685,74,18,1,20,0.6,0.6,0.3,10,0,440,537,81.9,2451,430,1478,4,12,A,No,20
339,20-3409,Southampton,1,1,0,1,16,4,3,0,652,144,13,6,14,2.6,1.8,0.6,29,2,443,541,81.9,2582,438,1082,14,18,A,No,20
340,20-3410,Manchester Utd,3,2,1,1,13,5,3,0,764,88,12,5,15,2.6,1.8,1.8,27,5,600,683,87.8,3144,582,1743,9,13,A,No,20
341,20-3501,Newcastle Utd,1,1,0,0,8,4,4,0,484,95,17,4,18,1.4,1.4,0.4,10,1,261,364,71.7,2031,223,669,8,13,A,No,20
342,20-3502,West Ham,4,3,0,0,18,7,0,0,586,96,15,3,11,2.7,2.7,2.5,32,7,412,498,82.7,2740,353,1040,10,16,A,No,20
343,20-3503,Burnley,1,1,0,0,6,2,2,0,396,121,10,10,19,0.8,0.8,0.3,9,2,167,286,58.4,1474,179,515,2,5,A,No,20
344,20-3504,Chelsea,0,0,0,0,15,4,0,0,942,114,9,5,11,0.9,0.9,0.6,27,0,736,851,86.5,3515,735,2261,8,13,A,No,20
345,20-3505,Manchester City,0,0,0,0,3,0,1,0,450,122,14,10,18,0.1,0.1,0.1,5,0,275,360,76.4,2026,263,823,6,16,A,No,20
346,20-3506,Everton,0,0,0,0,6,2,2,0,561,115,15,3,11,0.3,0.3,0.3,12,0,383,469,81.7,2290,363,1210,5,10,A,No,20
347,20-3507,Crystal Palace,2,1,0,0,12,9,2,0,457,133,17,3,9,1.7,1.7,1.4,21,1,265,365,72.6,2568,253,976,6,14,A,No,20
348,20-3508,Arsenal,1,1,0,0,13,4,3,0,759,126,13,3,12,0.8,0.8,0.4,15,1,571,652,87.6,2880,535,1940,14,19,A,No,20
349,20-3509,Leicester City,1,0,0,0,13,5,1,1,703,169,19,7,20,1.2,1.2,0.4,17,0,464,597,77.7,3231,408,1036,7,9,A,No,20
350,20-3510,Southampton,2,2,0,0,9,5,3,0,643,190,16,5,12,1.8,1.8,0.9,14,3,430,543,79.2,2717,381,1011,7,10,A,No,20
351,20-3601,Norwich City,0,0,0,0,2,0,2,0,512,170,17,3,19,0,0,0,2,0,318,411,77.4,2146,302,905,12,15,A,No,20
352,20-3602,Wolves,1,0,0,0,14,5,0,0,556,91,8,8,13,1.1,1.1,1,22,1,342,456,75,2389,304,1298,17,21,A,No,20
353,20-3603,Bournemouth,1,1,0,0,14,3,1,0,396,159,11,7,14,1.7,1.7,1.3,19,2,201,312,64.4,1872,199,565,9,14,A,No,20
354,20-3604,Tottenham,3,2,0,0,8,5,3,0,575,126,14,3,16,1.4,1.4,0.8,12,5,409,494,82.8,2527,365,1305,10,16,A,No,20
355,20-3605,Liverpool,1,1,0,0,24,8,1,0,777,110,10,6,13,2.9,2.9,1.9,34,2,565,673,84,3467,579,1634,8,15,A,No,20
356,20-3606,Aston Villa,1,1,0,0,16,1,1,0,497,86,13,1,15,1.5,1.5,1.4,26,2,315,402,78.4,3216,307,1019,9,12,A,No,20
357,20-3607,Sheffield Utd,0,0,0,0,4,0,2,0,558,163,9,6,19,0.2,0.2,0.2,7,0,336,441,76.2,2341,301,726,5,10,A,No,20
358,20-3608,Brighton,1,1,0,0,10,2,0,0,437,201,26,6,21,0.8,0.8,0.4,16,2,193,314,61.5,1829,195,602,12,18,A,No,20
359,20-3609,Manchester Utd,2,1,0,0,17,5,2,0,780,137,16,12,17,1.8,1.8,1.1,30,3,569,648,87.8,3250,524,1913,18,29,A,No,20
360,20-3610,Watford,3,2,0,0,10,4,0,0,461,147,16,3,20,0.7,0.7,0.4,16,5,199,320,62.2,1774,205,872,8,19,A,No,20
361,20-3701,Burnley,1,1,0,0,23,8,0,0,601,130,13,2,10,1.8,1.8,1.6,41,2,431,520,82.9,2827,361,1214,4,5,A,No,20
362,20-3702,Southampton,2,2,0,1,15,7,2,0,594,108,19,5,22,2.1,1.4,1.3,26,4,307,441,69.6,2505,329,838,14,23,A,No,20
363,20-3703,Leicester City,0,0,0,0,24,6,1,0,836,117,12,5,21,1.7,1.7,1.1,41,0,628,719,87.3,3149,583,1693,10,15,A,No,20
364,20-3704,Everton,1,1,0,0,5,2,3,0,592,130,7,3,24,0.3,0.3,0.3,10,2,367,476,77.1,2754,364,908,10,23,A,No,20
365,20-3705,Newcastle Utd,0,0,0,0,12,1,2,0,461,101,19,5,12,0.7,0.7,0.7,15,0,272,372,73.1,2259,283,728,12,15,A,No,20
366,20-3706,Crystal Palace,0,0,0,0,7,3,1,0,549,136,13,3,16,0.3,0.3,0.3,10,0,349,445,78.4,2374,307,924,10,13,A,No,20
367,20-3707,Manchester City,4,2,0,1,25,9,0,0,890,116,21,6,4,3.7,2.7,1.5,42,5,693,785,88.3,3534,649,1844,17,25,A,No,20
368,20-3708,Arsenal,0,0,0,0,7,0,4,0,738,76,7,2,12,0.7,0.7,0.4,9,0,551,648,85,2720,510,2047,6,11,A,No,20
369,20-3709,West Ham,1,0,1,1,11,2,1,0,588,117,21,10,14,1.8,1,0.5,19,1,380,494,76.9,2652,380,975,9,10,A,No,20
370,20-3710,Chelsea,3,2,0,0,10,5,0,0,713,199,13,9,14,2.6,2.6,1.7,17,5,489,591,82.7,3067,449,1274,9,14,A,No,20
371,20-3801,Brighton,2,1,0,0,15,4,0,0,497,81,10,2,12,1.1,1.1,0.7,21,2,271,368,73.6,2516,260,1007,4,8,A,No,20
372,20-3802,Aston Villa,1,1,0,0,13,4,1,0,408,127,14,8,14,1.2,1.2,0.8,22,2,220,321,68.5,1839,200,654,4,10,A,No,20
373,20-3803,Sheffield Utd,1,1,0,0,5,3,1,0,390,218,16,8,16,1.4,1.4,1.4,10,2,178,281,63.3,1711,186,544,6,10,A,No,20
374,20-3804,Wolves,0,0,0,0,5,1,3,0,527,161,26,4,20,0.2,0.2,0.2,6,0,268,385,69.6,2259,278,752,9,11,A,No,20
375,20-3805,Tottenham,1,1,0,0,7,2,2,0,646,155,31,11,15,0.4,0.4,0.4,6,1,418,515,81.2,2850,448,1069,12,26,A,No,20
376,20-3806,Bournemouth,3,2,1,1,12,6,0,0,456,161,18,9,20,1.8,1.1,0.8,18,5,223,327,68.2,2266,223,872,10,16,A,No,20
377,20-3807,Watford,2,1,1,1,18,5,3,0,567,140,11,4,13,3.5,2.7,2.1,31,4,369,462,79.9,2943,343,1514,13,17,A,No,20
378,20-3808,Norwich City,0,0,0,0,5,4,1,0,371,128,10,4,18,1.2,1.2,1,7,0,190,277,68.6,1558,193,562,8,10,A,No,20
379,20-3809,Liverpool,3,3,0,0,14,6,0,0,941,111,11,4,9,0.6,0.6,0.5,19,6,735,833,88.2,3800,680,1721,16,41,A,No,20
380,20-3810,Manchester Utd,2,0,1,1,6,2,5,0,643,91,21,5,21,1.9,1.1,0.3,11,3,438,532,82.3,2306,399,1473,6,13,A,No,20
381,21-0101,Manchester Utd,NaN,NaN,NaN,NaN,NaN,NaN,NaN,NaN,NaN,NaN,NaN,NaN,NaN,NaN,NaN,NaN,NaN,NaN,NaN,NaN,NaN,NaN,NaN,NaN,NaN,NaN,A,No,21
382,21-0102,Aston Villa,NaN,NaN,NaN,NaN,NaN,NaN,NaN,NaN,NaN,NaN,NaN,NaN,NaN,NaN,NaN,NaN,NaN,NaN,NaN,NaN,NaN,NaN,NaN,NaN,NaN,NaN,A,No,21
383,21-0103,Arsenal,3,2,0,0,13,5,2,0,747,130,11,5,12,2,2,1,22,4,595,670,88.8,2779,522,1573,11,20,A,No,21
384,21-0104,Southampton,0,0,0,0,9,5,1,0,740,142,31,2,16,0.8,0.8,0.6,15,0,486,625,77.8,3128,391,1246,6,9,A,No,21
385,21-0105,Leeds United,3,2,0,0,6,3,0,0,649,209,32,7,30,0.6,0.6,0.3,6,4,373,493,75.7,2433,314,1085,10,13,A,No,21
386,21-0106,Newcastle Utd,2,2,0,0,16,3,2,0,496,105,14,3,17,1.5,1.5,1.4,27,4,275,368,74.7,2117,280,1067,15,21,A,No,21
387,21-0107,Leicester City,3,1,2,2,11,5,1,0,741,138,23,5,14,2.2,0.7,0.2,19,5,524,621,84.4,2729,446,1427,6,10,A,No,21
388,21-0108,Everton,1,1,0,0,15,5,0,0,693,117,18,8,16,1.4,1.4,0.7,25,2,473,562,84.2,2794,458,1155,11,15,A,No,21
389,21-0109,Wolves,2,2,0,0,11,4,1,0,556,135,17,4,18,1.3,1.3,0.7,21,4,334,426,78.4,2688,304,996,18,24,A,No,21
390,21-0110,Chelsea,3,2,1,1,9,4,0,0,600,170,20,12,18,1.2,0.4,0.4,18,6,402,484,83.1,2415,378,1108,9,21,A,No,21
391,21-0201,West Brom,2,1,0,0,6,4,0,1,449,103,19,6,18,0.3,0.3,0.2,10,3,257,333,77.2,1697,246,804,5,7,A,No,21
392,21-0202,Fulham,3,2,1,1,13,5,2,0,609,164,24,12,29,1.8,1,1,21,6,369,472,78.2,2441,406,1824,16,22,A,No,21
393,21-0203,Crystal Palace,3,1,1,1,13,4,1,0,408,214,27,17,36,1.7,0.9,0.7,20,3,155,245,63.3,1478,186,962,12,16,A,No,21
394,21-0204,West Ham,1,1,0,0,15,3,1,0,532,127,11,3,15,2,2,1.6,23,2,335,432,77.5,2138,297,968,7,8,A,No,21
395,21-0205,Tottenham,5,4,0,0,9,6,3,0,553,118,13,2,14,2.6,2.6,1.7,17,9,336,462,72.7,2118,265,702,8,10,A,No,21
396,21-0206,Brighton,3,2,1,1,12,5,0,1,575,86,8,6,15,1.6,0.8,0.7,18,6,383,480,79.8,2258,359,1241,4,6,A,No,21
397,21-0207,Liverpool,2,1,0,0,17,5,0,0,896,152,19,7,13,2.7,2.7,1.2,26,3,705,807,87.4,3681,597,1284,10,15,A,No,21
398,21-0208,Burnley,2,1,0,0,17,5,2,0,447,176,16,4,22,1.9,1.9,1.7,30,4,231,327,70.6,1929,205,504,10,15,A,No,21
399,21-0209,Sheffield Utd,0,0,0,1,3,0,1,1,349,112,11,3,16,0.9,0.1,0,4,0,146,243,60.1,1468,147,739,6,9,A,No,21
400,21-0210,Manchester City,3,2,1,1,13,8,3,0,825,106,22,1,16,1.9,1.2,1.1,27,6,628,729,86.1,3177,662,1690,15,28,A,No,21
401,21-0301,Manchester Utd,2,1,1,1,6,2,2,0,569,130,18,4,18,1.1,0.3,0.2,10,5,372,448,83,1941,349,1178,12,19,A,No,21
402,21-0302,Everton,2,1,1,1,9,4,1,0,676,144,20,1,19,2,1.3,1,17,4,453,539,84,2754,382,1038,10,22,A,No,21
403,21-0303,Chelsea,3,2,0,0,24,11,3,0,953,133,18,7,16,2.3,2.3,1.2,40,5,732,837,87.5,3722,661,2413,4,8,A,No,21
404,21-0304,Southampton,1,1,0,0,5,1,0,0,648,154,15,4,24,0.6,0.6,0.6,7,2,367,501,73.3,2209,331,788,6,10,A,No,21
405,21-0305,Leeds United,1,1,0,0,18,9,1,0,748,148,14,5,21,1.6,1.6,1.4,33,2,511,628,81.4,3177,475,1729,7,11,A,No,21
406,21-0306,Newcastle Utd,1,0,1,1,5,0,4,0,465,124,19,3,21,1,0.2,0.2,9,2,265,353,75.1,2188,239,664,7,10,A,No,21
407,21-0307,Leicester City,5,2,3,3,4,4,3,0,397,151,20,6,24,2.6,0.3,0.3,14,10,206,288,71.5,1686,197,736,8,12,A,No,21
408,21-0308,Wolves,0,0,0,0,11,2,1,0,770,125,18,4,17,0.5,0.5,0.4,16,0,570,666,85.6,2990,530,1900,27,40,A,No,21
409,21-0309,Aston Villa,3,3,0,0,12,5,3,0,461,126,20,3,27,1.6,1.6,1.6,19,5,228,330,69.1,2278,241,737,10,12,A,No,21
410,21-0310,Arsenal,1,0,0,0,4,3,2,0,522,183,20,10,23,1.2,1.2,0.8,6,0,299,402,74.4,1565,277,911,3,7,A,No,21
411,21-0401,Crystal Palace,0,0,0,0,4,0,0,0,433,130,14,3,21,0.1,0.1,0.1,6,0,234,325,72,1514,256,715,9,15,A,No,21
412,21-0402,Brighton,2,1,0,0,11,3,1,0,746,155,27,1,15,1.3,1.3,0.7,14,2,540,641,84.2,2584,536,1624,14,19,A,No,21
413,21-0403,Manchester City,1,1,0,0,23,1,1,0,558,93,14,5,12,1.5,1.5,1.1,43,2,352,437,80.5,2763,376,1866,28,47,A,No,21
414,21-0404,Burnley,1,0,0,0,10,3,3,0,586,135,14,6,9,0.6,0.6,0.4,15,0,362,502,72.1,2676,336,881,3,4,A,No,21
415,21-0405,West Ham,3,3,0,0,13,6,2,0,440,175,13,5,18,1.6,1.6,1.6,24,6,229,328,69.8,2185,253,898,4,6,A,No,21
416,21-0406,West Brom,0,0,0,0,5,3,1,0,492,176,21,9,19,0.1,0.1,0.1,6,0,245,350,70,1932,248,602,9,23,A,No,21
417,21-0407,Sheffield Utd,1,1,0,0,6,2,1,0,503,158,10,4,17,0.2,0.2,0.1,6,1,322,420,76.7,1864,281,873,1,4,A,No,21
418,21-0408,Fulham,0,0,0,0,10,2,1,0,671,95,14,7,16,0.7,0.7,0.6,16,0,482,567,85,2457,451,1426,10,14,A,No,21
419,21-0409,Tottenham,6,4,1,1,21,7,1,0,811,164,23,9,16,3.9,3.2,2,40,11,625,694,90.1,3221,580,1395,10,15,A,No,21
420,21-0410,Liverpool,2,1,0,0,14,8,1,0,786,149,21,4,16,1.8,1.8,1.4,21,1,564,674,83.7,3458,509,1419,16,21,A,No,21
421,21-0501,Liverpool,2,1,0,0,22,8,2,0,663,148,21,4,9,2.3,2.3,1.3,32,2,443,551,80.4,3162,440,1344,11,21,A,No,21
422,21-0502,Southampton,3,2,0,0,13,6,1,0,654,187,24,2,20,2.2,2.2,1.2,14,3,414,548,75.5,2269,369,1022,7,14,A,No,21
423,21-0503,Arsenal,0,0,0,0,11,3,1,0,580,104,22,3,17,0.9,0.9,0.6,16,0,400,473,84.6,1993,379,1199,7,18,A,No,21
424,21-0504,Manchester Utd,4,4,0,1,27,11,1,0,781,113,18,6,23,2.7,2,1.8,44,8,555,660,84.1,3053,479,1707,10,17,A,No,21
425,21-0505,Fulham,1,0,0,1,14,6,2,0,695,75,11,8,7,1.9,1.2,0.9,27,2,508,591,86,3149,444,1521,11,16,A,No,21
426,21-0506,Brighton,1,1,0,0,17,3,2,1,699,142,18,6,10,1.4,1.4,1.2,30,1,488,593,82.3,2754,503,1773,11,20,A,No,21
427,21-0507,West Ham,2,1,0,0,13,4,5,0,599,75,14,3,15,2.1,2.1,1.2,22,4,383,496,77.2,2717,379,1372,13,28,A,No,21
428,21-0508,Aston Villa,1,1,0,0,10,4,3,0,546,155,18,5,21,0.6,0.6,0.6,15,2,328,449,73.1,2401,353,1200,20,23,A,No,21
429,21-0509,Burnley,0,0,0,0,9,4,2,0,514,110,19,1,13,1.1,1.1,0.5,15,0,276,409,67.5,2494,245,740,10,16,A,No,21
430,21-0510,Wolves,1,1,0,0,7,3,1,0,425,68,16,15,14,0.5,0.5,0.4,12,2,206,308,66.9,2140,235,942,17,29,A,No,21
431,21-0601,Leeds United,3,2,0,0,28,9,2,0,596,140,16,3,19,3.4,3.4,2.3,46,5,378,481,78.6,2913,320,1431,7,11,A,No,21
432,21-0602,Manchester City,1,1,0,0,14,7,0,0,880,112,15,3,11,1.1,1.1,0.9,22,2,691,782,88.4,3485,644,2486,10,19,A,No,21
433,21-0603,Crystal Palace,2,2,0,0,14,10,1,0,485,137,21,9,20,2.7,2.7,2.5,24,4,289,369,78.3,2283,254,881,8,9,A,No,21
434,21-0604,Chelsea,0,0,0,0,6,1,1,0,737,146,23,10,24,0.2,0.2,0.1,8,0,501,614,81.6,2423,414,1173,9,19,A,No,21
435,21-0605,Sheffield Utd,1,0,1,1,12,1,3,0,574,212,31,2,24,1.5,0.7,0.6,21,1,326,441,73.9,2495,279,872,7,10,A,No,21
436,21-0606,Everton,0,0,0,0,6,2,2,1,638,213,17,8,17,0.4,0.4,0.3,10,0,446,532,83.8,2517,399,1056,11,16,A,No,21
437,21-0607,Newcastle Utd,1,0,0,0,5,2,1,0,523,140,20,4,18,0.2,0.2,0.2,9,2,344,428,80.4,2173,352,1034,8,12,A,No,21
438,21-0608,Leicester City,1,1,0,0,6,3,5,0,565,152,13,1,21,1.2,1.2,1,10,2,379,467,81.2,2244,327,888,6,12,A,No,21
439,21-0609,West Brom,1,0,0,0,9,3,0,0,647,139,22,4,13,0.6,0.6,0.1,9,1,420,519,80.9,2722,421,1146,6,18,A,No,21
440,21-0610,Tottenham,1,1,0,0,8,3,0,0,737,128,11,3,13,0.6,0.6,0.6,14,2,532,643,82.7,2944,472,1538,5,15,A,No,21
441,20-2809,Aston Villa,0,0,0,0,14,6,1,0,536,91,7,3,17,1.3,1.3,1.3,22,0,340,433,78.5,2479,305,908,12,16,H,No,20
442,20-2810,Manchester City,3,0,1,1,19,11,1,0,804,67,8,6,8,3.5,2.8,2.1,34,3,663,722,91.8,3208,628,1918,15,18,H,No,20
443,20-3001,Norwich City,0,0,0,0,9,1,1,0,558,129,22,2,20,0.8,0.8,0.8,15,0,307,441,69.6,2015,310,762,8,19,H,No,20
444,20-3002,Tottenham,1,1,0,0,10,3,0,0,525,155,18,7,19,0.3,0.3,0.2,14,0,295,406,72.7,2199,280,781,10,17,H,No,20
445,20-3003,Watford,1,1,0,0,7,4,0,0,432,185,15,6,28,0.8,0.8,0.8,9,1,180,290,62.1,2109,176,596,8,20,H,No,20
446,20-3004,Brighton,2,1,0,0,9,5,2,0,464,119,22,8,14,1,1,0.4,12,2,282,371,76,1683,259,995,7,11,H,No,20
447,20-3005,West Ham,0,0,0,0,7,2,1,0,498,138,16,3,18,0.3,0.3,0.3,10,0,295,400,73.8,2051,326,1073,10,13,H,No,20
448,20-3006,Bournemouth,0,0,0,0,12,1,3,0,633,196,17,4,14,0.8,0.8,0.7,17,0,426,515,82.7,2563,396,1541,15,28,H,No,20
449,20-3007,Newcastle Utd,3,3,0,0,12,8,2,0,562,93,13,1,13,1.6,1.6,1.5,18,5,378,474,79.7,2415,356,1180,6,9,H,No,20
450,20-3008,Aston Villa,1,0,0,0,8,4,2,0,389,165,10,6,24,1.1,1.1,0.6,15,1,177,275,64.4,1592,166,368,2,7,H,No,20
451,20-3009,Everton,0,0,0,0,9,3,2,0,391,157,20,4,18,1.4,1.4,0.4,13,0,185,270,68.5,1675,180,618,9,16,H,No,20
452,20-3010,Manchester City,5,4,1,1,18,6,1,0,907,99,10,0,5,3.1,2.4,1.9,36,9,768,845,90.9,3596,705,2196,12,18,H,No,20
453,20-3101,Leicester City,0,0,0,0,11,2,2,0,752,157,16,6,15,0.7,0.7,0.4,17,0,541,645,83.9,2904,558,1309,10,15,H,No,20
454,20-3102,Tottenham,1,1,0,0,15,4,2,0,785,89,9,1,17,1.6,1.6,1.5,25,2,592,697,84.9,3409,577,1990,17,22,H,No,20
455,20-3103,Manchester Utd,3,3,0,0,15,7,1,0,858,76,12,5,6,2.2,2.2,2.1,29,6,698,763,91.5,3119,652,2190,22,30,H,No,20
456,20-3104,Newcastle Utd,1,1,0,0,13,3,2,0,559,77,6,2,12,0.7,0.7,0.6,20,2,329,427,77,2425,343,902,12,16,H,No,20
457,20-3105,Norwich City,0,0,0,0,8,1,0,0,568,170,16,4,21,0.4,0.4,0.2,15,0,350,465,75.3,2026,357,959,11,15,H,No,20
458,20-3106,Wolves,1,1,0,0,11,2,3,0,585,96,22,1,15,1.3,1.3,0.4,15,2,379,470,80.6,2449,384,1308,13,22,H,No,20
459,20-3107,Liverpool,4,3,0,0,21,7,0,0,1025,123,15,4,8,2.6,2.6,1.4,29,7,816,929,87.8,3924,745,2069,8,19,H,No,20
460,20-3108,Southampton,0,0,0,0,12,3,0,1,569,124,16,5,13,0.7,0.7,0.5,17,0,371,475,78.1,1930,337,781,7,11,H,No,20
461,20-3109,Burnley,1,1,0,0,9,4,1,0,564,112,12,9,9,1.1,1.1,0.9,16,2,319,456,70,2070,273,680,4,8,H,No,20
462,20-3110,Chelsea,2,0,1,1,14,6,1,0,488,171,9,7,16,3.8,3,1.3,18,2,325,399,81.5,2165,269,1064,8,11,H,No,20
463,20-3201,Aston Villa,0,0,0,0,10,1,1,0,539,102,10,2,19,0.3,0.3,0.3,18,0,365,456,80,2225,339,1081,10,17,H,No,20
464,20-3202,Watford,0,0,0,0,7,0,3,0,555,157,12,9,14,0.4,0.4,0.2,6,0,298,452,65.9,2276,275,650,7,11,H,No,20
465,20-3203,Crystal Palace,0,0,0,0,17,4,1,0,657,165,17,4,14,1.1,1.1,0.6,20,0,424,524,80.9,2379,400,1362,7,11,H,No,20
466,20-3204,Brighton,0,0,0,0,9,2,0,0,500,186,16,15,26,0.5,0.5,0.3,11,0,318,395,80.5,2069,265,845,13,17,H,No,20
467,20-3205,Everton,2,1,1,1,6,2,1,0,483,187,20,5,21,1.1,0.3,0.3,12,4,268,354,75.7,2547,275,825,13,20,H,No,20
468,20-3206,Bournemouth,1,1,0,0,12,1,2,0,630,155,15,4,10,1.4,1.4,0.7,20,1,441,535,82.4,2598,473,1434,13,20,H,No,20
469,20-3207,Arsenal,4,1,0,0,13,8,1,0,596,172,11,6,17,2.1,2.1,0.6,17,3,410,495,82.8,2514,371,1209,9,18,H,No,20
470,20-3208,West Ham,3,3,0,0,11,4,2,0,422,157,17,7,15,2.8,2.8,1.8,15,5,219,305,71.8,2184,229,574,5,15,H,No,20
471,20-3209,Sheffield Utd,3,3,0,0,7,5,2,0,477,153,21,5,26,1.6,1.6,1.6,13,6,229,326,70.2,2485,218,696,8,13,H,No,20
472,20-3210,Manchester City,3,2,1,1,13,4,2,0,633,140,12,4,13,2.7,2,1.8,24,6,445,527,84.4,3102,447,1254,13,21,H,No,20
473,20-3301,Norwich City,0,0,0,0,12,1,2,0,728,135,24,3,11,0.5,0.5,0.4,21,0,533,626,85.1,2722,492,1899,7,10,H,No,20
474,20-3302,Leicester City,3,3,0,0,14,3,2,0,682,182,31,7,19,2.4,2.4,2.3,23,5,449,544,82.5,2851,436,1163,10,17,H,No,20
475,20-3303,Manchester Utd,5,3,1,1,17,9,0,0,771,70,14,6,7,2.2,1.5,1.2,31,7,597,686,87,3032,608,1950,12,20,H,No,20
476,20-3304,Wolves,0,0,0,0,10,1,2,0,666,92,13,3,14,0.9,0.9,0.9,20,0,468,558,83.9,2866,382,1214,6,17,H,No,20
477,20-3305,Chelsea,3,2,1,1,20,8,0,0,874,78,14,1,13,2.3,1.5,1.1,32,6,677,764,88.6,3188,615,2046,7,11,H,No,20
478,20-3306,Burnley,1,1,0,0,9,5,0,0,586,100,15,1,26,1.5,1.5,1.2,14,2,336,461,72.9,2498,299,734,4,7,H,No,20
479,20-3307,Newcastle Utd,2,2,0,0,11,4,1,0,667,104,21,2,15,1,1,0.9,16,4,447,556,80.4,2715,432,1312,12,18,H,No,20
480,20-3308,Liverpool,2,2,0,0,6,4,1,0,797,113,10,4,8,0.8,0.8,0.8,11,4,594,708,83.9,3891,585,1693,12,17,H,No,20
481,20-3309,Southampton,1,1,0,0,8,4,1,0,473,195,27,9,27,0.8,0.8,0.5,13,2,217,321,67.6,1640,224,626,7,17,H,No,20
482,20-3310,Tottenham,0,0,0,0,12,2,3,0,575,152,15,5,17,0.6,0.6,0.2,18,1,366,463,79,2148,320,1012,11,14,H,No,20
483,20-3401,Watford,2,1,0,0,8,4,2,0,505,191,17,5,15,0.8,0.8,0.7,11,2,298,405,73.6,2184,318,837,4,10,H,No,20
484,20-3402,Crystal Palace,2,1,0,0,13,4,1,0,568,155,22,8,16,1.4,1.4,1.1,16,4,335,434,77.2,2897,321,1017,11,19,H,No,20
485,20-3403,Arsenal,1,1,0,0,11,7,1,1,480,180,11,7,11,1.7,1.7,1.6,18,2,260,370,70.3,1780,236,646,7,14,H,No,20
486,20-3404,West Ham,0,0,0,0,22,3,1,0,604,108,13,5,11,1.8,1.8,0.9,32,0,362,492,73.6,2740,381,1200,12,15,H,No,20
487,20-3405,Manchester City,4,3,0,0,24,10,0,0,970,109,8,7,15,3.3,3.3,3.1,44,8,800,873,91.6,3692,727,2042,12,16,H,No,20
488,20-3406,Sheffield Utd,1,1,0,0,7,3,2,0,531,142,13,4,13,0.7,0.7,0.4,11,2,315,458,68.8,2276,302,1178,13,17,H,No,20
489,20-3407,Brighton,1,1,0,0,12,2,1,0,544,100,11,6,20,2.2,2.2,1.4,18,2,315,424,74.3,2294,335,1129,10,15,H,No,20
490,20-3408,Bournemouth,0,0,0,0,9,2,3,0,448,190,18,6,20,1.1,1.1,1.1,12,0,212,317,66.9,1687,253,729,7,19,H,No,20
491,20-3409,Everton,1,1,0,0,11,3,3,0,472,141,12,10,21,1.1,1.1,0.7,14,2,249,343,72.6,2416,254,728,11,18,H,No,20
492,20-3410,Aston Villa,0,0,0,0,9,1,2,0,444,130,10,8,18,0.5,0.5,0.3,17,0,265,353,75.1,2097,264,872,8,12,H,No,20
493,20-3501,Watford,2,0,2,2,15,3,1,0,454,115,13,4,8,3.1,1.6,1,28,4,247,345,71.6,2304,220,699,6,12,H,No,20
494,20-3502,Norwich City,0,0,0,0,11,2,1,0,621,139,17,3,10,0.7,0.7,0.7,20,0,457,531,86.1,2810,383,1230,1,4,H,No,20
495,20-3503,Liverpool,1,1,0,0,23,9,1,0,817,81,10,4,6,2.1,2.1,1.5,36,2,600,710,84.5,3580,595,1814,11,13,H,No,20
496,20-3504,Sheffield Utd,3,1,0,0,9,4,1,0,384,137,8,7,17,1.9,1.9,0.9,14,3,177,282,62.8,1660,181,486,7,11,H,No,20
497,20-3505,Brighton,0,0,0,0,3,0,1,0,450,122,14,10,18,0.1,0.1,0.1,5,0,275,360,76.4,2026,263,823,6,16,H,No,20
498,20-3506,Wolves,3,2,1,1,13,7,0,0,688,70,10,3,16,2.5,1.7,1.4,23,6,510,594,85.9,3005,456,1552,13,18,H,No,20
499,20-3507,Aston Villa,2,1,0,0,12,9,2,0,457,133,17,3,9,1.7,1.7,1.4,21,1,265,365,72.6,2568,253,976,6,14,H,No,20
500,20-3508,Tottenham,2,1,0,0,15,9,5,0,493,155,16,4,14,1.5,1.5,1.2,24,2,315,404,78,2300,289,1069,8,14,H,No,20
501,20-3509,Bournemouth,3,1,1,1,8,3,2,0,572,216,6,5,20,1.8,1,0.5,13,5,340,473,71.9,2660,357,1056,16,21,H,No,20
502,20-3510,Manchester Utd,2,2,0,0,8,4,1,0,604,84,15,4,17,1.2,1.2,0.8,12,4,376,465,80.9,2122,355,1155,9,18,H,No,20
503,20-3601,Chelsea,1,1,0,0,22,6,2,0,914,166,13,2,15,2.4,2.4,2,36,2,722,818,88.3,3794,678,1986,11,14,H,No,20
504,20-3602,Burnley,1,0,1,1,8,0,0,0,486,137,12,6,22,1.8,1,1,17,1,264,391,67.5,2081,250,558,5,7,H,No,20
505,20-3603,Manchester City,2,1,0,0,8,3,1,0,869,94,13,4,14,0.8,0.8,0.7,14,4,668,761,87.8,2841,615,1580,10,13,H,No,20
506,20-3604,Newcastle Utd,1,0,0,0,22,5,2,0,631,112,13,8,9,1.1,1.1,0.9,35,0,464,538,86.2,2768,442,1595,10,13,H,No,20
507,20-3605,Arsenal,2,1,0,0,3,2,3,0,418,127,19,4,26,1.1,1.1,0.3,6,4,192,307,62.5,1515,178,510,6,8,H,No,20
508,20-3606,Leicester City,2,2,0,0,15,7,1,0,615,94,20,5,7,2.2,2.2,1.9,26,4,390,499,78.2,2197,386,1093,8,10,H,No,20
509,20-3607,Everton,1,1,0,0,9,1,2,0,592,95,13,8,14,0.6,0.6,0.6,15,2,404,490,82.4,3197,423,1477,5,7,H,No,20
510,20-3608,Southampton,1,1,0,0,20,4,1,0,765,96,18,2,16,2,2,0.9,27,0,523,651,80.3,2769,526,1508,14,21,H,No,20
511,20-3609,Crystal Palace,0,0,0,0,13,5,1,0,571,175,25,7,19,0.8,0.8,0.6,18,0,365,462,79,2079,356,1128,12,19,H,No,20
512,20-3610,West Ham,3,2,0,0,10,4,0,0,461,147,16,3,20,0.7,0.7,0.4,16,5,199,320,62.2,1774,205,872,8,19,H,No,20
513,20-3701,Norwich City,0,0,0,0,6,2,0,2,481,71,5,3,20,0.4,0.4,0.1,9,0,284,368,77.2,2028,283,874,8,18,H,No,20
514,20-3702,Bournemouth,0,0,0,0,12,3,2,0,479,183,15,4,25,1.1,1.1,0.7,17,0,193,342,56.4,2262,176,619,7,13,H,No,20
515,20-3703,Tottenham,2,2,0,0,7,3,2,0,416,109,17,9,18,0.5,0.5,0.5,14,5,213,304,70.1,1670,221,836,9,1,H,No,20
516,20-3704,Sheffield Utd,0,0,0,0,8,0,1,0,601,151,24,2,15,0.5,0.5,0.4,11,0,386,504,76.6,2697,338,789,9,13,H,No,20
517,20-3705,Brighton,0,0,0,0,11,3,4,0,679,129,10,5,22,0.6,0.6,0.6,18,0,483,558,86.6,2645,455,1410,7,8,H,No,20
518,20-3706,Wolves,2,1,0,0,11,5,2,0,605,156,16,3,17,1.5,1.5,1.1,17,3,399,499,80,2786,373,1024,16,24,H,No,20
519,20-3707,Watford,0,0,0,0,2,0,2,0,377,182,17,8,24,0.1,0.1,0.1,2,0,169,262,64.5,1619,191,473,7,14,H,No,20
520,20-3708,Aston Villa,1,1,0,0,8,3,2,0,417,102,20,5,18,0.6,0.6,0.5,12,2,215,307,70,2090,216,724,5,5,H,No,20
521,20-3709,Manchester Utd,1,1,0,0,11,4,3,0,745,130,11,8,27,0.7,0.7,0.5,20,2,548,632,86.7,2890,503,1892,11,15,H,No,20
522,20-3710,Liverpool,5,3,0,0,10,7,1,0,714,123,18,4,10,1.4,1.4,1.1,14,7,490,616,79.5,3169,473,1173,17,20,H,No,20
523,20-3801,Burnley,1,1,0,0,14,1,3,0,553,106,22,5,19,1.8,1.8,1.3,20,2,332,448,74.1,2415,289,944,3,3,H,No,20
524,20-3802,West Ham,1,1,0,0,10,1,2,0,603,114,20,4,10,0.7,0.7,0.3,16,2,410,511,80.2,2355,352,902,8,13,H,No,20
525,20-3803,Southampton,3,1,1,1,12,3,0,0,817,82,12,3,11,2.2,1.4,0.6,13,4,611,727,84,2893,606,2313,16,23,H,No,20
526,20-3804,Chelsea,2,1,0,0,11,3,2,0,804,145,33,6,15,1.3,1.3,1.2,15,3,544,655,83.1,3594,548,1228,5,12,H,No,20
527,20-3805,Everton,1,1,0,0,13,5,1,0,862,130,23,2,17,2.2,2.2,2.2,24,2,634,726,87.3,3603,629,1709,11,19,H,No,20
528,20-3806,Crystal Palace,1,1,0,0,12,2,3,0,590,130,23,6,14,0.8,0.8,0.5,17,2,366,471,77.7,2787,380,1094,9,13,H,No,20
529,20-3807,Arsenal,3,2,1,1,11,4,3,0,577,101,15,6,25,1.7,0.9,0.8,22,6,378,460,82.2,2528,391,1430,22,33,H,No,20
530,20-3808,Manchester City,5,2,0,0,31,9,1,0,848,94,11,5,9,3.2,3.2,2.3,51,6,682,759,89.9,3561,690,2354,24,28,H,No,20
531,20-3809,Leicester City,0,0,0,0,14,3,1,1,596,150,27,8,14,1.4,1.4,0.9,28,0,383,474,80.8,2436,367,977,7,15,H,No,20
532,20-3810,Newcastle Utd,1,1,0,0,3,2,1,0,404,144,31,5,19,0.4,0.4,0.4,6,2,192,285,67.4,1346,189,534,6,8,H,No,20
533,21-0101,Burnley,NaN,NaN,NaN,NaN,NaN,NaN,NaN,NaN,NaN,NaN,NaN,NaN,NaN,NaN,NaN,NaN,NaN,NaN,NaN,NaN,NaN,NaN,NaN,NaN,NaN,NaN,H,No,21
534,21-0102,Manchester City,NaN,NaN,NaN,NaN,NaN,NaN,NaN,NaN,NaN,NaN,NaN,NaN,NaN,NaN,NaN,NaN,NaN,NaN,NaN,NaN,NaN,NaN,NaN,NaN,NaN,NaN,H,No,21
535,21-0103,Fulham,0,0,0,0,5,2,2,0,630,148,14,2,20,0.2,0.2,0.1,6,0,474,551,86,2498,395,1019,6,10,H,No,21
536,21-0104,Crystal Palace,1,1,0,0,6,3,2,0,421,121,20,5,17,0.7,0.7,0.7,11,2,153,279,54.8,1867,171,512,8,15,H,No,21
537,21-0105,Liverpool,4,1,2,2,20,4,1,0,623,174,13,7,14,3.3,1.8,1.5,28,3,366,486,75.3,2923,354,1275,22,34,H,No,21
538,21-0106,West Ham,0,0,0,0,15,3,2,0,619,139,18,2,20,1.2,1.2,1,24,0,413,521,79.3,2376,411,1638,7,12,H,No,21
539,21-0107,West Brom,0,0,0,0,7,1,1,0,467,113,14,6,16,0.5,0.5,0.3,9,0,267,360,74.2,2112,257,675,4,11,H,No,21
540,21-0108,Tottenham,0,0,0,0,10,5,1,0,676,220,10,2,11,1,1,0.8,17,0,486,580,83.8,2926,384,974,4,14,H,No,21
541,21-0109,Sheffield Utd,0,0,0,0,9,1,2,0,616,137,14,1,14,0.6,0.6,0.6,16,0,409,535,76.4,2857,392,1039,7,13,H,No,21
542,21-0110,Brighton,1,1,0,0,13,3,1,0,643,121,20,5,19,1.4,1.4,1.3,22,2,444,548,81,2433,463,1399,13,20,H,No,21
543,21-0201,Everton,5,3,0,0,16,7,1,0,936,94,15,2,11,3.5,3.5,1.9,23,7,742,842,88.1,3738,618,1929,8,15,H,No,21
544,21-0202,Leeds United,4,2,1,1,9,6,1,0,595,195,27,3,12,1.7,1,0.8,14,6,356,488,73,2565,303,986,7,11,H,No,21
545,21-0203,Manchester Utd,1,0,0,0,17,4,2,0,873,126,19,4,21,1.1,1.1,0.5,27,0,634,751,84.4,3415,594,1912,11,18,H,No,21
546,21-0204,Arsenal,2,2,0,0,6,3,0,0,794,91,6,6,19,1.4,1.4,1.3,10,4,592,693,85.4,3025,548,1641,6,11,H,No,21
547,21-0205,Southampton,2,1,1,1,13,5,4,0,585,95,14,5,19,1.5,0.8,0.5,20,2,362,473,76.5,2054,343,1143,8,12,H,No,21
548,21-0206,Newcastle Utd,0,0,0,0,6,0,3,0,493,178,12,7,10,0.5,0.5,0.5,8,0,308,417,73.9,1956,315,749,3,6,H,No,21
549,21-0207,Chelsea,0,0,0,1,4,2,0,1,638,115,17,7,21,1,0.3,0.2,10,0,439,518,84.7,2385,474,1086,15,27,H,No,21
550,21-0208,Leicester City,3,2,0,0,12,6,1,0,738,156,15,8,12,1.4,1.4,0.7,24,8,529,638,82.9,3080,519,1288,6,12,H,No,21
551,21-0209,Aston Villa,1,1,0,0,18,2,3,0,710,73,9,4,7,1,1,1,35,2,519,617,84.1,3150,515,1635,4,6,H,No,21
552,21-0210,Wolves,1,1,0,0,10,1,0,0,508,160,27,6,18,1,1,1,20,2,298,388,76.8,2223,319,1001,16,28,H,No,21
553,21-0301,Brighton,2,1,1,1,17,3,4,0,638,179,19,3,20,2.5,1.7,1.2,29,4,442,535,82.6,2450,429,1284,12,15,H,No,21
554,21-0302,Crystal Palace,1,1,0,0,8,1,3,0,529,195,28,15,15,0.4,0.4,0.4,11,2,298,392,76,2273,289,884,11,16,H,No,21
555,21-0303,West Brom,3,2,0,0,9,3,1,0,420,170,16,5,30,1,1,0.7,13,4,182,280,65,1624,178,618,10,18,H,No,21
556,21-0304,Burnley,0,0,0,0,10,2,1,0,681,150,14,6,17,0.5,0.5,0.2,9,0,418,594,70.4,2498,350,771,3,7,H,No,21
557,21-0305,Sheffield Utd,0,0,0,0,13,3,2,0,504,187,23,7,20,1.6,1.6,1.5,23,0,268,370,72.4,2171,263,1201,8,13,H,No,21
558,21-0306,Tottenham,1,1,0,0,23,11,1,0,788,131,11,3,8,2.3,2.3,1.5,34,2,590,678,87,3093,543,1412,10,15,H,No,21
559,21-0307,Manchester City,2,1,0,0,16,5,1,0,816,106,14,7,2,0.9,0.9,0.6,20,2,632,725,87.2,2781,555,2134,11,16,H,No,21
560,21-0308,West Ham,3,2,0,0,15,7,0,0,512,111,20,6,18,1.6,1.6,1,26,6,305,402,75.9,2498,336,1051,19,27,H,No,21
561,21-0309,Fulham,0,0,0,0,16,2,6,0,706,92,11,8,16,0.7,0.7,0.6,26,0,484,580,83.4,3309,495,1606,16,27,H,No,21
562,21-0310,Liverpool,3,1,0,0,21,9,2,0,913,139,12,7,10,3.1,3.1,1.2,32,3,704,806,87.3,4042,653,1324,6,9,H,No,21
563,21-0401,Chelsea,4,1,2,2,15,4,2,0,847,137,16,10,13,2.5,1,0.9,27,4,649,734,88.4,3152,605,1618,4,9,H,No,21
564,21-0402,Everton,4,4,0,0,11,6,0,0,628,192,20,4,24,1.8,1.8,1.7,18,8,417,494,84.4,2435,390,968,9,14,H,No,21
565,21-0403,Leeds United,1,0,0,0,12,7,2,0,582,221,32,4,24,1.7,1.7,1,20,1,375,465,80.6,2610,370,1280,13,20,H,No,21
566,21-0404,Newcastle Utd,3,2,1,1,9,4,2,0,568,107,7,3,17,2,1.2,1.1,16,5,332,458,72.5,2301,365,1214,7,11,H,No,21
567,21-0405,Leicester City,0,0,0,0,4,0,2,0,809,156,11,7,15,0.4,0.4,0.4,4,0,598,722,82.8,3197,607,1809,14,23,H,No,21
568,21-0406,Southampton,2,1,0,0,13,7,2,0,681,130,25,13,14,1.2,1.2,0.9,16,3,440,565,77.9,2675,396,1484,11,18,H,No,21
569,21-0407,Arsenal,2,2,0,0,6,5,0,0,814,120,6,4,18,0.4,0.4,0.4,10,4,631,730,86.4,2787,526,1821,8,13,H,No,21
570,21-0408,Wolves,1,0,0,0,14,5,1,0,606,135,17,7,11,1.2,1.2,0.5,17,1,432,518,83.4,2378,413,1154,5,11,H,No,21
571,21-0409,Manchester Utd,1,0,1,1,4,1,2,1,530,137,15,3,23,0.9,0.2,0.1,8,2,353,427,82.7,2016,339,1219,15,24,H,No,21
572,21-0410,Aston Villa,7,6,0,0,18,11,2,0,449,231,20,4,23,3.9,3.9,3.8,28,10,213,308,69.2,2193,238,963,14,23,H,No,21
573,21-0501,Everton,2,2,0,0,11,5,3,1,518,175,12,2,14,1.3,1.3,1.2,20,4,306,408,75,2618,320,783,5,11,H,No,21
574,21-0502,Chelsea,3,2,0,0,12,5,1,0,739,144,15,5,21,2,2,1.8,19,6,500,612,81.7,2953,401,1159,7,15,H,No,21
575,21-0503,Manchester City,1,0,0,0,13,5,4,0,781,134,18,5,8,1.6,1.6,1,23,1,606,688,88.1,2978,547,1422,13,18,H,No,21
576,21-0504,Newcastle Utd,0,0,0,0,7,4,1,0,513,139,18,9,20,0.5,0.5,0.6,15,2,278,388,71.6,2266,251,736,12,17,H,No,21
577,21-0505,Sheffield Utd,1,0,1,1,9,5,0,0,520,130,13,4,14,1.4,0.7,0.6,18,2,326,430,75.8,2363,273,1051,5,7,H,No,21
578,21-0506,Crystal Palace,1,0,1,1,0,0,3,0,422,148,25,4,16,0.8,0,0,2,2,205,307,66.8,1606,203,727,7,10,H,No,21
579,21-0507,Tottenham,3,3,0,0,11,6,0,0,654,150,26,2,21,1.2,1.2,1.2,21,6,422,521,81,2957,410,1041,10,17,H,No,21
580,21-0508,Leicester City,0,0,0,0,11,5,4,0,563,156,19,11,16,0.5,0.5,0.4,18,0,339,453,74.8,2160,336,1028,8,22,H,No,21
581,21-0509,West Brom,0,0,0,0,13,6,2,0,647,152,18,3,14,1.1,1.1,0.5,20,0,397,514,77.2,2548,353,1135,7,12,H,No,21
582,21-0510,Leeds United,0,0,0,0,13,2,2,0,702,124,16,9,10,1.6,1.6,1.3,20,0,494,611,80.9,3277,522,1539,9,15,H,No,21
583,21-0601,Aston Villa,0,0,0,0,12,3,2,0,439,134,12,10,17,1.3,1.3,0.7,20,0,229,334,68.6,2232,252,1097,13,14,H,No,21
584,21-0602,West Ham,1,1,0,0,6,2,2,0,443,151,20,6,18,0.5,0.5,0.5,11,2,236,338,69.8,2713,220,752,7,12,H,No,21
585,21-0603,Fulham,1,1,0,0,16,3,0,1,780,140,23,10,11,1.2,1.2,0.6,28,2,579,657,88.1,3270,478,1654,10,19,H,No,21
586,21-0604,Manchester Utd,0,0,0,0,14,4,3,0,741,112,16,16,25,0.7,0.7,0.7,22,0,515,618,83.3,2519,456,1427,10,17,H,No,21
587,21-0605,Liverpool,2,1,0,0,17,5,0,0,838,105,14,3,22,2.7,2.7,1.6,25,3,588,697,84.4,3554,555,1762,9,19,H,No,21
588,21-0606,Southampton,2,2,0,0,12,6,1,0,752,108,20,8,12,0.7,0.7,0.7,20,4,559,637,87.8,3015,507,1371,13,25,H,No,21
589,21-0607,Wolves,1,0,0,0,16,4,0,0,821,92,9,2,16,0.7,0.7,0.7,24,0,655,730,89.7,3325,594,1643,13,24,H,No,21
590,21-0608,Arsenal,0,0,0,0,12,4,3,0,704,100,14,3,23,0.9,0.9,0.8,20,0,520,611,85.1,2418,472,1733,2,7,H,No,21
591,21-0609,Brighton,0,0,0,0,5,3,2,0,620,97,17,4,10,0.7,0.7,0.7,11,1,408,506,80.6,2875,388,1291,10,21,H,No,21
592,21-0610,Burnley,0,0,0,0,12,3,2,0,498,125,17,2,16,0.6,0.6,0.5,19,0,288,406,70.9,2246,286,661,5,7,H,No,21
